POS,SEQ,ATOM,SCORE,COLOR,CONFIDENCE_INTERVAL,B/E,F/S,MSA DATA,RESIDUE_VARIETY
1,P,PRO:0:A,-0.1,5,"(-1.278, 0.769, 7, 4)",e,,29/95,"T 58%, R 13%, V 13%, M 10%, P 3%"
2,V,VAL:1:A,-0.813,6,"(-2.004, 0.024, 8, 5)",e,,9/95,"F 77%, V 22%"
3,G,GLY:2:A,-0.458,6,"(-1.849, 0.562, 8, 4)",e,,9/95,"D 77%, G 22%"
4,D,ASP:3:A,1.772,2,"(0.024, 3.517, 5, 1)",e,,30/95,"M 16%, L 13%, I 13%, S 13%, E 10%, F 10%, G 10%, D 3%, Y 3%, V 3%, A 3%"
5,L,LEU:4:A,-1.023,6,"(-2.004, -0.441, 8, 6)",e,,30/95,"T 36%, A 20%, I 13%, E 10%, Q 6%, K 6%, L 3%, S 3%"
6,S,SER:5:A,0.814,4,"(-0.586, 1.852, 6, 2)",e,,27/95,"L 44%, T 18%, R 11%, K 7%, D 7%, S 3%, F 3%, E 3%"
7,D,ASP:6:A,-0.143,5,"(-1.278, 0.562, 7, 4)",e,,30/95,"M 43%, S 13%, G 13%, D 10%, N 6%, I 6%, E 3%, Q 3%"
8,P,PRO:7:A,-1.339,7,"(-2.173, -0.727, 8, 6)",b,,31/95,"G 48%, A 41%, P 6%, H 3%"
9,W,TRP:8:A,-1.011,6,"(-1.849, -0.441, 8, 6)",e,,28/95,"W 46%, S 32%, R 7%, N 7%, K 3%, H 3%"
10,G,GLY:9:A,-0.466,6,"(-1.416, 0.193, 7, 5)",e,,28/95,"H 39%, G 17%, T 14%, N 10%, S 7%, D 3%, E 3%, K 3%"
11,R,ARG:10:A,0.172,5,"(-1.004, 0.993, 6, 3)",b,,26/95,"F 57%, Y 15%, M 7%, R 3%, T 3%, W 3%, S 3%, K 3%"
12,G,GLY:11:A,-0.327,5,"(-1.557, 0.562, 7, 4)",e,,38/95,"G 36%, T 21%, E 15%, A 15%, R 7%, M 2%"
13,L,LEU:12:A,1.14,3,"(-0.291, 2.249, 5, 1)",e,,24/95,"R 45%, G 16%, T 12%, L 8%, A 4%, V 4%, K 4%, D 4%"
14,L,LEU:13:A,-0.148,5,"(-1.278, 0.562, 7, 4)",b,,25/95,"M 44%, F 16%, D 12%, V 12%, L 8%, E 4%, I 4%"
15,G,GLY:14:A,0.893,3,"(-0.441, 1.852, 6, 2)",e,,37/95,"V 40%, T 24%, G 8%, D 8%, K 8%, A 5%, Q 2%, I 2%"
16,G,GLY:15:A,1.245,3,"(-0.441, 2.249, 6, 1)",b,,40/95,"L 42%, F 37%, S 10%, G 5%, E 2%, A 2%"
17,K,LYS:16:A,-0.625,6,"(-1.557, 0.024, 7, 5)",e,,59/95,"K 30%, D 25%, T 25%, G 8%, A 1%, Q 1%, E 1%, N 1%, S 1%, H 1%"
18,I,ILE:17:A,0.545,4,"(-0.586, 1.24, 6, 3)",e,,61/95,"A 46%, E 25%, M 6%, P 4%, K 3%, I 1%, D 1%, Q 1%, T 1%, S 1%, V 1%, L 1%, X 1%"
19,A,ALA:18:A,-0.336,5,"(-1.278, 0.373, 7, 4)",e,,83/95,"G 40%, A 21%, K 21%, V 3%, E 3%, S 3%, N 1%, L 1%, D 1%, T 1%"
20,F,PHE:19:A,0.09,5,"(-0.866, 0.769, 6, 4)",e,,83/95,"Q 30%, D 25%, S 20%, E 6%, F 4%, I 3%, V 2%, G 2%, A 1%, N 1%, K 1%, L 1%"
21,A,ALA:20:A,1.38,2,"(0.024, 2.249, 5, 1)",e,,84/95,"A 27%, V 22%, Y 17%, I 13%, G 5%, L 3%, S 3%, F 2%, E 2%, Q 1%"
22,L,LEU:21:A,0.223,5,"(-0.727, 0.993, 6, 3)",e,,85/95,"K 34%, E 23%, L 18%, A 14%, V 3%, P 1%, D 1%, I 1%, Q 1%, T 1%"
23,L,LEU:22:A,1.094,3,"(0.024, 1.852, 5, 2)",e,,88/95,"K 34%, E 26%, A 14%, P 6%, N 4%, R 3%, G 3%, L 2%, D 2%, M 1%, Q 1%"
24,G,GLY:23:A,-1.097,7,"(-1.849, -0.586, 8, 6)",e,,88/95,"G 70%, N 13%, A 7%, D 4%, L 1%, R 1%, I 1%"
25,K,LYS:24:A,-0.158,5,"(-1.7, 0.769, 7, 4)",e,,2/95,"K 50%, D 50%"
26,K,LYS:25:A,-0.281,5,"(-1.7, 0.769, 7, 4)",e,,5/95,"R 60%, K 20%, A 20%"
27,L,LEU:26:A,-0.213,5,"(-1.849, 0.993, 8, 3)",b,,5/95,"A 80%, L 20%"
28,S,SER:27:A,0.184,5,"(-1.278, 1.24, 7, 3)",b,,5/95,"V 60%, S 20%, L 20%"
29,W,TRP:28:A,-0.497,6,"(-1.7, 0.373, 7, 4)",e,,7/95,"W 57%, E 28%, A 14%"
30,E,GLU:29:A,-1.016,6,"(-2.173, -0.291, 8, 5)",e,,7/95,"D 71%, E 14%, Q 14%"
31,D,ASP:30:A,1.645,2,"(0.024, 2.761, 5, 1)",e,,10/95,"D 30%, R 30%, P 20%, N 10%, Q 10%"
32,L,LEU:31:A,0.793,4,"(-0.727, 1.852, 6, 2)",e,,10/95,"P 30%, E 30%, A 20%, L 10%, G 10%"
33,F,PHE:32:A,1.435,2,"(-0.291, 2.761, 5, 1)",e,,10/95,"E 40%, V 20%, D 20%, F 10%, Q 10%"
34,K,LYS:33:A,-0.186,5,"(-1.004, 0.373, 6, 4)",e,,93/95,"K 38%, A 25%, V 9%, L 6%, E 4%, R 3%, P 3%, G 3%, I 2%, Q 2%, F 1%"
35,L,LEU:34:A,0.823,3,"(-0.134, 1.523, 5, 2)",e,,93/95,"T 21%, K 20%, R 20%, E 17%, A 10%, Q 3%, L 2%, F 2%, C 1%, N 1%"
36,L,LEU:35:A,0.683,4,"(-0.291, 1.523, 5, 2)",b,,84/95,"L 52%, I 22%, V 17%, T 2%, K 2%, Q 1%, N 1%"
37,S,SER:36:A,-0.243,5,"(-1.004, 0.373, 6, 4)",b,,90/95,"F 62%, L 10%, V 8%, Y 6%, K 5%, E 3%, S 1%, A 1%, I 1%"
38,S,SER:37:A,2.45,1,"(0.993, 3.517, 3, 1)",e,,78/95,"K 23%, Q 21%, V 15%, N 8%, G 8%, S 5%, E 3%, I 3%, T 2%, A 2%, R 2%, H 1%"
39,P,PRO:38:A,1.695,2,"(0.373, 2.761, 4, 1)",e,,79/95,"Q 24%, T 21%, Y 18%, A 7%, K 7%, P 5%, N 3%, L 2%, G 2%, M 2%, R 1%, I 1%, S 1%"
40,D,ASP:39:A,1.327,3,"(0.193, 2.249, 5, 1)",e,,79/95,"A 25%, R 20%, K 18%, G 12%, N 8%, S 2%, Q 2%, H 2%, D 1%, M 1%, E 1%, Y 1%, T 1%"
41,S,SER:40:A,-2.923,9,"(-4.301, -2.569, 9, 9)",b,s,79/95,"C 98%, S 1%"
42,L,LEU:41:A,0.82,3,"(-0.291, 1.523, 5, 2)",b,,79/95,"A 49%, L 21%, I 6%, S 6%, F 5%, T 3%, Q 3%, V 2%, M 1%"
43,L,LEU:42:A,0.006,5,"(-0.866, 0.769, 6, 4)",e,,79/95,"Q 37%, S 26%, A 12%, G 10%, D 7%, L 2%, T 1%, I 1%"
44,P,PRO:43:A,-2.814,9,"(-4.301, -2.569, 9, 9)",b,s,79/95,"C 98%, P 1%"
45,K,LYS:44:A,-3.216,9,"(-4.301, -3.286, 9, 9)",e,f,79/95,"H 98%, K 1%"
46,T,THR:45:A,1.893,2,"(0.769, 2.761, 4, 1)",e,,93/95,"T 35%, V 16%, A 12%, G 9%, K 9%, Q 3%, D 3%, S 3%, N 2%, R 1%, E 1%, M 1%, L 1%"
47,A,ALA:46:A,0.68,4,"(-0.291, 1.523, 5, 2)",e,,93/95,"V 33%, G 23%, A 15%, T 15%, L 4%, I 3%, D 1%, H 1%, Q 1%, E 1%, K 1%"
48,N,ASN:47:A,0.174,5,"(-0.727, 0.769, 6, 4)",e,,92/95,"E 35%, G 25%, L 14%, D 5%, Q 4%, A 3%, V 3%, N 2%, Y 2%, T 1%, K 1%, I 1%, R 1%"
49,D,ASP:48:A,0.268,5,"(-0.727, 0.993, 6, 3)",e,,92/95,"K 35%, I 17%, S 15%, D 5%, A 5%, G 5%, T 4%, N 3%, E 2%, R 2%, V 1%, L 1%, Y 1%"
50,P,PRO:49:A,0.121,5,"(-0.727, 0.769, 6, 4)",e,,92/95,"G 32%, T 19%, K 11%, A 10%, N 6%, E 5%, D 4%, P 3%, L 2%, Q 1%, W 1%, R 1%"
51,S,SER:50:A,-0.522,6,"(-1.416, 0.193, 7, 5)",e,,74/95,"G 48%, K 22%, L 16%, S 8%, R 1%, A 1%, D 1%"
52,F,PHE:51:A,0.685,4,"(-0.441, 1.523, 6, 2)",e,,79/95,"P 35%, K 20%, T 20%, Q 6%, M 5%, F 2%, G 2%, I 2%, V 2%, A 1%, D 1%"
53,N,ASN:52:A,-0.311,5,"(-1.416, 0.373, 7, 4)",e,,42/95,"H 69%, V 11%, Y 9%, N 4%, M 2%, I 2%"
54,G,GLY:53:A,0.607,4,"(-0.441, 1.523, 6, 2)",e,,80/95,"G 52%, N 21%, W 11%, L 5%, Y 5%, K 1%, P 1%, S 1%, A 1%"
55,Q,GLN:54:A,-0.81,6,"(-1.7, -0.134, 7, 5)",e,,70/95,"P 75%, A 14%, Q 2%, T 2%, G 1%, E 1%, V 1%"
56,A,ALA:55:A,-1.335,7,"(-2.173, -0.866, 8, 6)",e,,77/95,"N 40%, A 25%, S 19%, V 5%, T 2%, K 2%, L 1%, G 1%, I 1%"
57,L,LEU:56:A,-0.859,6,"(-1.7, -0.291, 7, 5)",e,,80/95,"L 66%, F 23%, Y 5%, R 1%, T 1%, A 1%, V 1%"
58,M,MET:57:A,1.553,2,"(0.373, 2.249, 4, 1)",e,,79/95,"H 35%, D 20%, G 17%, R 5%, S 5%, K 3%, W 2%, P 2%, A 2%, M 1%, F 1%, I 1%, N 1%"
59,K,LYS:58:A,-1.208,7,"(-2.173, -0.586, 8, 6)",e,,32/95,"P 50%, D 18%, A 12%, R 12%, K 3%, F 3%"
60,K,LYS:59:A,-0.045,5,"(-1.14, 0.769, 7, 4)",e,,32/95,"G 40%, V 25%, L 15%, K 9%, I 6%, D 3%"
61,F,PHE:60:A,-0.796,6,"(-1.7, -0.134, 7, 5)",e,,32/95,"T 43%, A 18%, R 12%, Y 9%, S 6%, F 3%, D 3%, W 3%"
62,P,PRO:61:A,0.37,4,"(-0.727, 1.24, 6, 3)",e,,63/95,"G 50%, E 14%, D 12%, P 7%, K 7%, A 4%, V 1%"
63,T,THR:62:A,-0.657,6,"(-1.557, 0.024, 7, 5)",e,,59/95,"I 27%, L 23%, K 20%, G 15%, Q 5%, T 3%, H 1%, R 1%, N 1%"
64,K,LYS:63:A,0.446,4,"(-0.727, 1.24, 6, 3)",e,,55/95,"F 56%, G 23%, Y 12%, K 1%, N 1%, R 1%, I 1%"
65,E,GLU:64:A,1.558,2,"(0.193, 2.761, 5, 1)",e,,50/95,"G 62%, V 10%, A 10%, E 6%, D 4%, H 4%, L 2%, K 2%"
66,E,GLU:65:A,1.066,3,"(-0.291, 1.852, 5, 2)",e,,47/95,"R 61%, G 14%, E 8%, K 4%, D 4%, A 2%, V 2%, P 2%"
67,I,ILE:66:A,1.839,2,"(0.373, 2.761, 4, 1)",e,,44/95,"H 36%, K 34%, S 6%, C 4%, R 4%, Q 4%, I 2%, F 2%, V 2%, T 2%"
68,A,ALA:67:A,0.688,4,"(-0.586, 1.523, 6, 2)",e,,44/95,"S 38%, T 31%, A 11%, D 9%, K 4%, R 2%, L 2%"
69,A,ALA:68:A,-0.019,5,"(-1.14, 0.769, 7, 4)",e,,44/95,"G 77%, D 9%, C 4%, K 4%, A 2%, T 2%"
70,L,LEU:69:A,-0.15,5,"(-1.416, 0.769, 7, 4)",e,,43/95,"G 69%, A 11%, K 9%, T 4%, L 2%, V 2%"
71,L,LEU:70:A,1.951,1,"(0.373, 2.761, 4, 1)",e,,43/95,"Y 48%, F 23%, V 11%, G 4%, A 4%, L 2%, P 2%, E 2%"
72,G,GLY:71:A,1.06,3,"(-0.291, 2.249, 5, 1)",e,,43/95,"S 60%, T 16%, R 9%, D 4%, G 2%, K 2%, A 2%, E 2%"
73,Y,TYR:72:A,0.795,4,"(-0.441, 1.523, 6, 2)",e,,55/95,"Y 67%, E 9%, G 7%, T 5%, L 3%, I 1%, A 1%, F 1%, V 1%"
74,A,ALA:73:A,-0.506,6,"(-1.849, 0.373, 8, 4)",b,,32/95,"T 93%, A 3%, G 3%"
75,V,VAL:74:A,-0.168,5,"(-1.7, 0.993, 7, 3)",b,,2/95,"V 50%, T 50%"
76,L,LEU:75:A,-0.977,6,"(-2.357, -0.134, 8, 5)",b,,2/95,L
77,S,SER:76:A,0.047,5,"(-1.557, 1.24, 7, 3)",e,,2/95,"S 50%, Y 50%"
78,G,GLY:77:A,0.135,5,"(-1.416, 1.24, 7, 3)",e,,2/95,"G 50%, K 50%"
79,L,LEU:78:A,-0.075,5,"(-1.416, 0.993, 7, 3)",e,,32/95,"D 90%, A 6%, L 3%"
80,E,GLU:79:A,-0.212,5,"(-1.849, 0.769, 8, 4)",e,,1/95,E
81,P,PRO:80:A,-0.212,5,"(-1.849, 0.769, 8, 4)",e,,1/95,P
82,V,VAL:81:A,-0.212,5,"(-1.849, 0.769, 8, 4)",e,,1/95,V
83,D,ASP:82:A,-0.212,5,"(-1.7, 0.769, 7, 4)",e,,1/95,D
84,G,GLY:83:A,-0.212,5,"(-1.849, 0.769, 8, 4)",b,,1/95,G
85,S,SER:84:A,-0.212,5,"(-1.849, 0.769, 8, 4)",e,,1/95,S
86,A,ALA:85:A,-0.212,5,"(-1.849, 0.769, 8, 4)",e,,1/95,A
87,A,ALA:86:A,-0.212,5,"(-1.849, 0.769, 8, 4)",e,,1/95,A
88,G,GLY:87:A,-0.212,5,"(-1.849, 0.769, 8, 4)",e,,1/95,G
89,G,GLY:88:A,-0.212,5,"(-1.849, 0.769, 8, 4)",e,,1/95,G
90,N,ASN:89:A,-0.212,5,"(-1.849, 0.769, 8, 4)",e,,1/95,N
91,A,ALA:90:A,-0.212,5,"(-1.849, 0.769, 8, 4)",b,,1/95,A
92,E,GLU:91:A,-0.212,5,"(-1.849, 0.769, 8, 4)",e,,1/95,E
93,A,ALA:92:A,-0.545,6,"(-1.849, 0.373, 8, 4)",b,,10/95,"L 50%, V 30%, A 10%, I 10%"
94,A,ALA:93:A,-0.713,6,"(-2.004, 0.193, 8, 5)",e,,10/95,"A 60%, E 30%, M 10%"
95,A,ALA:94:A,1.089,3,"(-0.441, 2.249, 6, 1)",e,,11/95,"Q 36%, G 36%, A 9%, N 9%, R 9%"
96,F,PHE:95:A,0.492,4,"(-0.866, 1.523, 6, 2)",e,,11/95,"K 36%, M 27%, F 18%, R 9%, T 9%"
97,V,VAL:96:A,-0.631,6,"(-1.557, 0.024, 7, 5)",b,,24/95,"I 41%, V 25%, F 8%, A 8%, G 8%, K 4%, M 4%"
98,A,ALA:97:A,0.334,4,"(-0.866, 1.24, 6, 3)",e,,24/95,"K 25%, A 16%, N 12%, S 12%, Q 12%, M 8%, I 4%, V 4%, L 4%"
99,A,ALA:98:A,0.373,4,"(-1.004, 1.24, 6, 3)",e,,16/95,"A 50%, G 25%, P 18%, D 6%"
100,L,LEU:99:A,0.242,5,"(-1.278, 1.24, 7, 3)",b,,4/95,"C 75%, L 25%"
101,K,LYS:100:A,-0.599,6,"(-2.004, 0.373, 8, 4)",e,,4/95,"R 75%, K 25%"
102,A,ALA:101:A,1.539,2,"(0.024, 2.761, 5, 1)",e,,19/95,"T 21%, G 15%, N 15%, P 10%, K 10%, Q 10%, A 5%, L 5%, E 5%"
103,R,ARG:102:A,-0.503,6,"(-1.7, 0.373, 7, 4)",e,,14/95,"A 28%, K 28%, S 21%, P 14%, R 7%"
104,F,PHE:103:A,-0.261,5,"(-1.416, 0.562, 7, 4)",e,,16/95,"T 43%, R 18%, F 12%, G 12%, P 6%, A 6%"
105,A,ALA:104:A,0.294,4,"(-0.866, 1.24, 6, 3)",e,,39/95,"L 61%, G 12%, M 7%, A 5%, K 5%, S 2%, V 2%, Y 2%"
106,G,GLY:105:A,1.547,2,"(0.373, 2.249, 4, 1)",e,,56/95,"R 42%, G 17%, K 12%, S 7%, L 5%, A 3%, P 3%, N 1%, F 1%, D 1%, V 1%"
107,L,LEU:106:A,0.051,5,"(-0.866, 0.769, 6, 4)",e,,57/95,"T 33%, P 26%, A 12%, K 10%, S 8%, L 1%, D 1%, E 1%, Q 1%, N 1%"
108,T,THR:107:A,-0.672,6,"(-1.416, -0.134, 7, 5)",e,,58/95,"E 53%, P 15%, G 10%, A 8%, K 5%, D 3%, T 1%, S 1%"
109,P,PRO:108:A,1.379,2,"(0.193, 2.249, 5, 1)",e,,58/95,"T 25%, I 20%, V 13%, E 8%, D 6%, S 6%, A 5%, M 3%, K 3%, P 1%, Y 1%, F 1%"
110,W,TRP:109:A,-1.807,8,"(-2.569, -1.278, 9, 7)",b,,56/95,"L 50%, W 42%, I 3%, F 1%, Y 1%"
111,H,HIS:110:A,-0.607,6,"(-1.416, 0.024, 7, 5)",e,,55/95,"A 32%, S 23%, E 10%, G 9%, T 7%, D 5%, K 3%, Q 3%, H 1%, R 1%"
112,L,LEU:111:A,1.826,2,"(0.562, 2.761, 4, 1)",e,,55/95,"L 32%, D 20%, Y 7%, R 7%, Q 7%, E 5%, K 5%, S 3%, T 1%, P 1%, N 1%, A 1%, I 1%, G 1%"
113,A,ALA:112:A,2.053,1,"(0.769, 2.761, 4, 1)",b,,56/95,"A 50%, I 12%, Y 7%, S 5%, V 5%, F 3%, L 3%, P 1%, E 1%, R 1%, N 1%, M 1%, K 1%, H 1%"
114,L,LEU:113:A,0.434,4,"(-0.586, 1.24, 6, 3)",e,,51/95,"T 29%, A 25%, G 21%, R 9%, L 3%, K 3%, E 1%, S 1%, F 1%"
115,H,HIS:114:A,0.251,5,"(-0.727, 0.993, 6, 3)",e,,56/95,"P 55%, S 16%, G 5%, M 5%, H 3%, A 3%, D 3%, F 1%, N 1%, K 1%, V 1%"
116,A,ALA:115:A,-0.388,6,"(-1.416, 0.373, 7, 4)",e,,36/95,"D 52%, V 25%, R 8%, A 5%, Q 5%, N 2%"
117,G,GLY:116:A,-1.561,7,"(-2.569, -1.004, 9, 6)",e,,36/95,"G 63%, K 30%, T 2%, A 2%"
118,L,LEU:117:A,-1.748,7,"(-2.834, -1.14, 9, 7)",e,,35/95,"L 45%, E 42%, M 8%, Q 2%"
119,A,ALA:118:A,-1.534,7,"(-2.357, -1.004, 8, 6)",e,,61/95,"A 57%, S 21%, N 8%, V 4%, Q 3%, D 3%, P 1%"
120,F,PHE:119:A,-0.776,6,"(-1.7, -0.134, 7, 5)",b,,59/95,"N 49%, C 38%, V 3%, F 1%, I 1%, R 1%, E 1%, L 1%"
121,L,LEU:120:A,-0.108,5,"(-1.14, 0.562, 7, 4)",e,,62/95,"K 41%, I 25%, G 9%, A 9%, N 8%, L 1%, S 1%, Q 1%"
122,R,ARG:121:A,-0.389,6,"(-1.416, 0.373, 7, 4)",e,,62/95,"K 24%, N 22%, A 16%, S 14%, V 8%, Q 6%, G 4%, R 1%, L 1%"
123,G,GLY:122:A,0.353,4,"(-1.004, 1.24, 6, 3)",b,,38/95,"V 42%, I 36%, S 10%, T 5%, G 2%, L 2%"
124,P,PRO:123:A,1.905,2,"(0.373, 2.761, 4, 1)",e,,38/95,"L 39%, T 26%, D 13%, V 5%, I 5%, P 2%, K 2%, E 2%, A 2%"
125,V,VAL:124:A,-1.386,7,"(-2.173, -0.866, 8, 6)",b,,61/95,"W 49%, C 37%, A 6%, V 1%, D 1%, E 1%, R 1%"
126,T,THR:125:A,-1.382,7,"(-2.173, -0.866, 8, 6)",e,,61/95,"H 36%, D 29%, G 14%, K 6%, E 4%, T 3%, N 3%, Q 1%"
127,P,PRO:126:A,0.074,5,"(-1.004, 0.769, 6, 4)",e,,61/95,"E 55%, D 18%, A 9%, V 4%, N 3%, F 3%, P 1%, H 1%, I 1%"
128,E,GLU:127:A,0.968,3,"(-0.134, 1.852, 5, 2)",e,,61/95,"N 26%, E 18%, A 14%, D 13%, K 11%, Q 6%, V 3%, G 3%, Y 1%, R 1%"
129,A,ALA:128:A,0.57,4,"(-0.441, 1.24, 6, 3)",e,,68/95,"Y 27%, N 22%, T 22%, G 11%, A 5%, F 4%, Q 2%, S 1%, P 1%"
130,F,PHE:129:A,-1.098,7,"(-2.004, -0.441, 8, 6)",b,,44/95,"L 45%, M 36%, F 9%, T 4%, V 2%, I 2%"
131,G,GLY:130:A,0.413,4,"(-0.866, 1.24, 6, 3)",e,,43/95,"S 37%, M 32%, A 11%, D 6%, K 4%, G 2%, L 2%, Y 2%"
132,E,GLU:131:A,-1.405,7,"(-2.357, -0.866, 8, 6)",e,,44/95,"E 77%, Q 9%, H 6%, D 4%, K 2%"
133,Y,TYR:132:A,-1.39,7,"(-2.357, -0.727, 8, 6)",b,,44/95,"Y 79%, W 11%, R 4%, Q 2%, F 2%"
134,I,ILE:133:A,-1.707,7,"(-2.834, -1.14, 9, 7)",b,,44/95,"L 70%, I 25%, F 2%, V 2%"
135,T,THR:134:A,0.14,5,"(-1.004, 0.993, 6, 3)",e,,44/95,"T 38%, E 31%, L 13%, R 9%, V 4%, I 2%"
136,A,ALA:135:A,-1.226,7,"(-2.173, -0.586, 8, 6)",e,,44/95,"N 70%, A 9%, T 9%, S 6%, K 2%, Q 2%"
137,A,ALA:136:A,-0.341,5,"(-1.416, 0.373, 7, 4)",e,,44/95,"P 77%, D 6%, I 4%, L 4%, A 2%, Q 2%, V 2%"
138,F,PHE:137:A,-0.385,6,"(-1.416, 0.373, 7, 4)",e,,44/95,"K 79%, H 6%, A 6%, F 2%, T 2%, Q 2%"
139,P,PRO:138:A,-1.312,7,"(-2.357, -0.727, 8, 6)",e,,39/95,"K 82%, L 7%, R 5%, P 2%, E 2%"
140,E,GLU:139:A,0.251,5,"(-1.14, 1.24, 7, 3)",e,,39/95,"Y 76%, S 10%, D 5%, E 2%, N 2%, V 2%"
141,I,ILE:140:A,0.29,4,"(-0.866, 1.24, 6, 3)",b,,39/95,"I 79%, Q 12%, D 2%, E 2%, L 2%"
142,A,ALA:141:A,-1.259,7,"(-2.357, -0.586, 8, 6)",e,,38/95,"P 81%, A 10%, G 7%"
143,A,ALA:142:A,0.915,3,"(-0.441, 1.852, 6, 2)",b,,38/95,"A 42%, I 36%, C 10%, Q 7%, P 2%"
144,F,PHE:143:A,-0.435,6,"(-1.557, 0.373, 7, 4)",b,,38/95,"F 78%, H 7%, I 7%, S 2%, Q 2%"
145,S,SER:144:A,1.094,3,"(-0.441, 2.249, 6, 1)",b,,38/95,"G 39%, A 34%, N 13%, V 7%, S 2%, L 2%"
146,G,GLY:145:A,0.049,5,"(-1.278, 0.993, 7, 3)",b,,38/95,"G 89%, V 2%, A 2%, I 2%, F 2%"
147,K,LYS:146:A,0.238,5,"(-1.14, 1.24, 7, 3)",e,,8/95,"F 37%, T 25%, K 12%, A 12%, N 12%"
148,P,PRO:147:A,-1.983,8,"(-3.286, -1.416, 9, 7)",e,f,8/95,"P 87%, S 12%"
149,L,LEU:148:A,0.198,5,"(-1.14, 1.24, 7, 3)",e,,8/95,"S 62%, L 12%, G 12%, Q 12%"
150,T,THR:149:A,-0.643,6,"(-1.849, 0.193, 8, 5)",b,,8/95,"Y 37%, M 25%, F 25%, T 12%"
151,P,PRO:150:A,0.225,5,"(-1.14, 1.24, 7, 3)",e,,8/95,"R 37%, T 25%, D 25%, P 12%"
152,A,ALA:151:A,0.818,3,"(-0.441, 1.852, 6, 2)",e,,71/95,"N 25%, V 21%, A 19%, E 19%, Q 4%, D 4%, S 1%, L 1%, K 1%, R 1%"
153,L,LEU:152:A,-0.615,6,"(-1.7, 0.193, 7, 5)",b,,21/95,"W 38%, V 33%, M 14%, L 4%, N 4%, I 4%"
154,T,THR:153:A,1.492,2,"(0.024, 2.761, 5, 1)",e,,20/95,"S 20%, A 20%, E 15%, V 15%, K 10%, T 5%, L 5%, H 5%, P 5%"
155,A,ALA:154:A,0.541,4,"(-0.727, 1.523, 6, 2)",b,,18/95,"A 16%, I 16%, L 16%, Q 11%, T 11%, M 11%, S 5%, V 5%, G 5%"
156,A,ALA:155:A,-0.216,5,"(-1.416, 0.562, 7, 4)",e,,17/95,"E 29%, D 23%, Y 17%, G 11%, A 5%, V 5%, S 5%"
157,L,LEU:156:A,-0.528,6,"(-1.7, 0.373, 7, 4)",b,,17/95,"L 29%, Y 17%, S 17%, A 11%, D 11%, E 5%, V 5%"
158,Y,TYR:157:A,1.017,3,"(-0.291, 1.852, 5, 2)",e,,18/95,"D 27%, Y 22%, L 16%, I 16%, Q 5%, K 5%, T 5%"
159,A,ALA:158:A,1.286,3,"(-0.134, 2.249, 5, 1)",e,,18/95,"A 22%, K 22%, V 22%, G 11%, R 11%, D 5%, L 5%"
160,A,ALA:159:A,1.057,3,"(-0.441, 2.249, 6, 1)",e,,17/95,"A 41%, I 17%, D 11%, K 11%, N 5%, L 5%, W 5%"
161,L,LEU:160:A,-0.527,6,"(-1.557, 0.193, 7, 5)",e,,17/95,"F 35%, Y 23%, S 17%, Q 11%, L 5%, A 5%"
162,F,PHE:161:A,-0.875,6,"(-2.004, -0.134, 8, 5)",e,,8/95,"R 50%, E 25%, F 12%, Q 12%"
163,G,GLY:162:A,-0.781,6,"(-2.004, 0.024, 8, 5)",e,,8/95,"G 50%, P 37%, E 12%"
