Entry ID,Experimental Method,DOI,Structure Determination Methodology,Sequence,Polymer Entity Sequence Length,Total Number of polymer Entity Instances (Chains) per Entity,Molecular Weight (Entity),Macromolecule Name,Asym ID,Auth Asym ID
1DJA,X-RAY DIFFRACTION,10.1021/bi961153v,experimental,MKELNDLEKKYNAHIGVYALDTKSGKEVKFNSDKRFAYASTSHAINSAILLEQVPYNKLNKKVHINKDDIVAYSPILEKYVGKDITLKALIEASMTYSDNTANNKIIKEIGGIKKVKQRLKELGDKVTNPVRYEIELNYYSPKSKKDTSTPAAFGKTLNKLIANGKLSKENKKFLLDLMLNNKSGDTLIKDGVPKDYKVADKSGQAITYASRNDVAFVYPKGQSEPIVLVIFTNKDNKSDKPNDKLISETAKSVMKEF,258.0,1.0,28.983,BETA-LACTAMASE,A,A
1I2W,X-RAY DIFFRACTION,10.1021/bi015789k,experimental,GCANNQTNASQPAEKNEKTEMKDDFAKLEEQFDAKLGIFALDTGTNRTVTYRPDERFAFASTIKALTVGVLLQQKSIEDLNQRITYTRDDLVNYNPITEKHVDTGMTLKELADASLRYSDNTAQNLILKQIGGPESLKKELRKIGDEVTNPERFEPELNEVNPGETQDTSTARALATSLQAFALEDKLPSEKRELLIDWMKRNTTGDALIRAGVPEGWEVADKTGAGSYGTRNDIAIIWPPKGDPVVLAVLSSRDKKDAKYDDKLIAEATKVVLKALNMNGK,282.0,2.0,31.286,BETA-LACTAMASE,A,A
1K4E,X-RAY DIFFRACTION,10.1016/s0022-2836(02)01271-8,experimental,MGSITENTSWNKEFSAEAVNGVFVLCKSSSKSCATNDLARASKEYLPASTFKIPNAIIGLETGVIKNEHQVFKWDGKPRAMKQWERDLTLRGAIQVSAVPVFQQIAREVGEVRMQKYLKKFSYGNQNISGGIDKFWLEGQLRISAVNQVEFLESLYLNKLSASKENQLIVKEALVTEAAPEYLVHSKTGFSGVGTESNPGVAWWVGWVEKETEVYFFAFNMDIDNESKLPLRKSIPTKIMESEGIIGG,248.0,2.0,27.99,Beta-lactamase PSE-2,A,A
1K54,X-RAY DIFFRACTION,10.1073/pnas.241442898,experimental,SITENTSWNKEFSAEAVNGVFVLCKSSSKSCATNDLARASKEYLPASTFKIPNAIIGLETGVIKNEHQVFKWDGKPRAMKQWERDLTLRGAIQVSAVPVFQQIAREVGEVRMQKYLKKFSYGNQNISGGIDKFWLEGQLRISAVNQVEFLESLYLNKLSASKENQLIVKEALVTEAAPEYLVHSKTGFSGVGTESNPGVAWWVGWVEKETEVYFFAFNMDIDNESKLPLRKSIPTKIMESEGIIGG,246.0,2.0,27.567,Beta lactamase OXA-10,A,A
1KDS,X-RAY DIFFRACTION,10.1021/jm020002p,experimental,APQQINDIVHRTITPLIEQQKIPGMAVAVIYQGKPYYFTWGYADIAKKQPVTQQTLFELGSVSKTFTGVLGGDAIARGEIKLSDPTTKYWPELTAKQWNGITLLHLATYTAGGLPLQVPDEVKSSSDLLRFYQNWQPAWAPGTQRLYANSSIGLFGALAVKPSGLSFEQAMQTRVFQPLKLNHTWINVPPAEEKNYAWGYREGKAVHVSPGALDAEAYGVKSTIEDMARWVQSNLKPLDINEKTLQQGIQLAQSRYWQTGDMYQGLGWEMLDWPVNPDSIINGSDNKIALAARPVKAITPPTPAVRASWVHKTGATGGFGSYVAFIPEKELGIVMLANKNYPNPARVDAAWQILNALQ,358.0,2.0,39.588,BETA-LACTAMASE,B,B
1KO3,X-RAY DIFFRACTION,10.1016/j.jmb.2007.11.012,experimental,EYPTVSEIPVGEVRLYQIADGVWSHIATQSFDGAVYPSNGLIVRDGDELLLIDTAWGAKNTAALLAEIEKQIGLPVTRAVSTHFHDDRVGGVDVLRAAGVATYASPSTRRLAEVEGNEIPTHSLEGLSSSGDAVRFGPVELFYPGAAHSTDNLVVYVPSASVLYGGCAIYELSRTSAGNVADADLAEWPTSIERIQQHYPEAQFVIPGHGLPGGLDLLKHTTNVVKAHTN,230.0,1.0,24.522,VIM-2 metallo-beta-lactamase,A,A
1L9Y,X-RAY DIFFRACTION,10.1016/s0022-2836(02)01271-8,experimental,AYPMPNPFPPFRIAGNLYYVGTDDLASYLIVTPRGNILINSDLEANVPMIKASIKKLGFKFSDTKILLISHAHFDHAAGSELIKQQTKAKYMVMDEDVSVILSGGKSDFHYANDSSTYFTQSTVDKVLHDGERVELGGTVLTAHLTPGHTRGCTTWTMKLKDHGKQYQAVIIGSIGVNPGAKLVDNITYPKIAEDYKHSIKVLESMRCDIFLGSHAGMFDLKNKYVLLSKGQNNPFVDPTGCKNYIEQKANDFYTELKKQETG,263.0,2.0,29.224,FEZ-1 b-lactamase,A,A
1LI9,X-RAY DIFFRACTION,10.1074/jbc.M204212200,experimental,HPETLVKVKDAEDQLGARVGYIELDLNSGKILESFRPEERFPMVSTFKVLLCGAVLSRVDAGQEQLGRRIHYSQNDLVEYSPVTEKHLTDGMTVRELCSAAITMSDNTAANLLLTTIGGPKELTAFLHNMGDHVTRLDRWEPELNEAIPNDERDTTMPAAMATTLRKLLTGELLTLASRQQLIDWMEADKVAGPLLRSALPAGWFIADKSGAGERGSRGIIAALGPDGKPSRIVVIYTTGSQATMDERNRQIAEIGASLIKHW,263.0,1.0,28.91,Class A beta-Lactamase- TEM-34,A,A
1M6K,X-RAY DIFFRACTION,10.1110/ps.0224303,experimental,STDISTVASPLFEGTEGCFLLYDASTNAEIAQFNKAKCATQMAPDSTFKIALSLMAFDAEIIDQKTIFKWDKTPKGMEIWNSNHTPKTWMQFSVVWVSQEITQKIGLNKIKNYLKDFDYGNQDFSGDKERNNGLTEAWLESSLKISPEEQIQFLRKIINHNLPVKNSAIENTIENMYLQDLDNSTKLYGKTGAGFTANRTLQNGWFEGFIISKSGHKYVFVSALTGNLGSNLTSSIKAKKNAITILNTLNL,251.0,2.0,28.204,beta-lactamase OXA-1,A,A
1PIO,X-RAY DIFFRACTION,10.1093/protein/8.12.1275,experimental,MKELNDLEKKYNAHIGVYALDTKSGKEVKFNSDKRFAYASTSKAINSAILLEQVPYNKLNKKVHINKDDIVAYSPILEKYVGKDITLKALIEASMTYSDNTANNKIIKEIGGIKKVKQRLKELGDKVTNPVRYEIELNYYSPKSKKDTSTPAAFGKTLNKLIANGKLSKENKKFLLDLMLNNKSGDTLIKDGVPKDYKVADKSGQSTYASRNDVAFVYPKGQSEPIVLVIFTNKDNKSDKPNDKLISETAKSVMKEF,257.0,2.0,28.877,BETA-LACTAMASE,A,A
1ZNB,X-RAY DIFFRACTION,10.1016/s0969-2126(96)00089-5,experimental,AQKSVKISDDISITQLSDKVYTYVSLAEIEGWGMVPSNGMIVINNHQAALLDTPINDAQTETLVNWVADSLHAKVTTFIPNHWHGDCIGGLGYLQKKGVQSYANQMTIDLAKEKGLPVPEHGFTDSLTVSLDGMPLQCYYLGGGHATDNIVVWLPTENILFGGCMLKDNQATSIGNISDADVTAWPKTLDKVKAKFPSARYVVPGHGDYGGTELIEHTKQIVNQYIESTSKP,232.0,2.0,25.27,METALLO-BETA-LACTAMASE,A,A
2BG7,X-RAY DIFFRACTION,10.1021/bi047709t,experimental,SQKVEKTVIKNETGTISISQLNKNVWVHTELGSFNGEAVPSNGLVLNTSKGLVLVDSSWDDKLTKELIEMVEKKFQKRVTDVIITHAHADCIGGIKTLKERGIKAHSTALTAELAKKNGYEEPLGDLQTVTNLKFGNMKVETFYPGKGHTEDNIVVWLPQYNILVGGCLVKSTSAKDLGNVADAYVNEWSTSIENVLKRYRNINAVVPGHGEVGDKGLLLHTLDLLK,227.0,2.0,24.957,BETA-LACTAMASE II,A,A
2NYP,X-RAY DIFFRACTION,10.1016/j.jmb.2007.08.031,experimental,TVIKNETGTISISQLNKNVWVHTELGSFNGEAVPSNGLVLNTSKGLVLVDSSWDDKLTKELIEMVEKKFQKRVTDVIITHAHADHIGGIKTLKERGIKAHSTALTAELAKKNGYEEPLGDLQTVTNLKFGNMKVETFYPGKGHTEDNIVVWLPQYNILVGGDLVKSTSAKDLGNVADAYVNEWSTSIENVLKRYRNINAVVPGHGEVGDKGLLLHTLDLLK,221.0,1.0,24.287,Beta-lactamase II,A,A
2NZE,X-RAY DIFFRACTION,10.1016/j.jmb.2007.08.031,experimental,KTVIKNETGTISISQLNKNVWVHTELGSFNGEAVPSNGLVLNTSKGLVLVDSSWDDKLTKELIEMVEKKFQKRVTDVIITHAHADHIGGIKTLKERGIKAHSTALTAELAKKNGYEEPLGDLQTVTNLKFGNMKVETFYPGKGHTEDNIVVWLPQYNILVGGSLVKSTSAKDLGNVADAYVNEWSTSIENVLKRYRNINAVVPGHGEVGDKGLLLHTLDLLK,222.0,2.0,24.388,Beta-lactamase II,A,A
2QIN,X-RAY DIFFRACTION,10.1021/bi700707u,experimental,AEVPLPQLRAYTVDASWLQPMAPLQIADHTWQIGTEDLTALLVQTPDGAVLLDGGMPQMASHLLDNMKARGVTPRDLRLILLSHAHACHAGPVAELKRRTGAKVAANAESAVLLARGGSDDLHFGDGITYPPANADRIVMDGEVITVGGIVFTAHFMAGHTPGSTAWTWTDTRNGKPVRIAYADSLSAPGYQLQGNPRYPHLIEDYRRSFATVRALPCDVLLTPHPGASNWDYAAGARAGAKALTCKAYADAAEQKFDGQLAKETAGAR,269.0,4.0,28.729,Metallo-beta-lactamase L1,A,A
2WKH,X-RAY DIFFRACTION,10.1042/BJ20101122,experimental,MGSITENTSWNKEFSAEAVNGVFVLCKSSSKSCATNDLARASKEYLPASTFCIPNAIIGLETGVIKNEHQVFKWDGKPRAMKQWERDLTLRGAIQVSAVPVFQQIAREVGEVRMQKYLKKFSYGNQNISGGIDKFWLEGQLRISAVNQVEFLESLYLNKLSASKENQLIVKEALVTEAAPEYLVHSKTGFSGVGTESNPGVAWWVGWVEKETEVYFFAFNMDIDNESKLPLRKSIPTKIMESEGIIGG,248.0,2.0,27.687,BETA-LACTAMASE OXA-10,A,A
2WKI,X-RAY DIFFRACTION,10.1042/BJ20101122,experimental,MGSITENTSWNKEFSAEAVNGVFVLCKSSSKSCATNDLARASKEYLPASTFCIPNAIIGLETGVIKNEHQVFKWDGKPRAMKQWERDLTLRGAIQVSAVPVFQQIAREVGEVRMQKYLKKFSYGNQNISGGIDKFWLEGQLRISAVNQVEFLESLYLNKLSASKENQLIVKEALVTEAAPEYLVHSKTGFSGVGTESNPGVAWWVGWVEKETEVYFFAFNMDIDNESKLPLRKSIPTKIMESEGIIGG,248.0,2.0,27.687,BETA-LACTAMASE OXA-10,A,A
2WRS,X-RAY DIFFRACTION,10.1021/jm100213c,experimental,EYPTVNEIPVGEVRLYQIADGVWSHIATQSFDGAVYPSNGLIVRDGDELLLIDTAWGAKNTAALLAEIEKQIGLPVTRAVSTHFHDDRVGGVDVLRAAGVATYASPSTRRLAEAEGNEIPTHSLEGLSSSGDAVRFGPVELFYPGAAHSTDNLVVYVPSANVLYGGCAVHELSRTSAGNVADADLAEWPTSVERIQKHYPEAEVVIPGHGLPGGLDLLQHTANVVKAHKN,230.0,2.0,24.446,BETA-LACTAMASE VIM-4,A,A
2WZX,X-RAY DIFFRACTION,10.1016/j.bmcl.2009.12.069,experimental,GEAPADRLKALVDAAVQPVMKANDIPGLAVAISLKGEPHYFSYGLASKEDGRRVTPETLFEIGSVSKTFTATLAGYALTQDKMRLDDRASQHWPALQGSRFDGISLLDLATYTAGGLPLQFPDSVQKDQAQIRDYYRQWQPTYAPGSQRLYSNPSIGLFGYLAARSLGQPFERLMEQQVFPALGLEQTHLDVPEAALAQYAQGYGKDDRPLRVGPGPLDAEGYGVKTSAADLLRFVDANLHPERLDRPWAQALDATHRGYYKVGDMTQGLGWEAYDWPISLKRLQAGNSTPMALQPHRIARLPAPQALEGQRLLNKTGSTNGFGAYVAFVPGRDLGLVILANRNYPNAERVKIAYAILSGLEQQGKVPLKR,371.0,1.0,40.724,BETA-LACTAMASE,A,A
3BFC,X-RAY DIFFRACTION,10.1016/j.bmcl.2008.05.045,experimental,VQQVQKKLAALEKQSGGRLGVALINTADNSQVLYRADERFAMCSTSKVMTAAAVLKQSETHDGILQQKMTIKKADLTNWNPVTEKYVGNTMTLAELSAATLQYSDNTAMNKLLAHLGGPGNVTAFARSIGDTTFRLDRKEPELNTAIPGDERDTTSPLAMAKSLRKLTLGDALAGPQRAQLVDWLKGNTTGGQSIRAGLPAHWVVGDKTGACDYGTTNDIAVIWPEDRAPLVLVTYFTQPQQDAKWRKDVLAAAAKIVTEGK,262.0,4.0,28.33,Class A beta-lactamase Sed1,A,A
3C7U,X-RAY DIFFRACTION,10.1074/jbc.M804089200,experimental,HPETLVKVKDAEDQLGARVGYIELDLNSGKILESFRPEERFPMMSTFKVLLCGAVLSRIDAGQEQLGRRIHYSQNDLVEYSPVTEKHLTDGMTVRELCSAAITMSDNTAANLLLTTIGGPKELTAFLHNMGDHVTRLDRWEPELNEAIPNDERDTTMPVAMATTLRKLLTGELLTLASRQQLIDWMEADKVAGPLLRSALPAGWFIADKSGAGERGSRGIIAALGPDGKPSRIVVIYTTGSQATMDERNRQIAEIGASLIKHW,263.0,2.0,28.984,Beta-lactamase,A,A
3FAI,X-RAY DIFFRACTION,10.1128/AAC.00288-09,experimental,AGMSLTQVSGPVYVVEDNYYVQENSMVYFGAKGVTVVGATWTPDTARELHKLIKRVSRKPVLEVINTNYHTDRAGGNAYWKSIGAKVVSTRQTRDLMKSDWAEIVAFTRKGLPEYPDLPLVLPNVVHDGDFTLQEGKVRAFYAGPAHTPDGIFVYFPDEQVLYGGCILKEKLGNLSFADVKAYPQTLERLKAMKLPIKTVIGGHDSPLHGPELIDHYEALIKAAPQS,227.0,1.0,25.164,Beta-lactamase,A,A
3N4I,X-RAY DIFFRACTION,10.1002/prot.22961,experimental,SPQPLEQIKLSESQLSGRVGMIEMDLASGRTLTAWRADERFPMMSTFKVVLCGAVLARVDAGDEQLERKIHYRQQDLVEYSPVSEKHLADGMTVGELCAAAITMSDNSAANLLLATVGGPAGLTAFLRQIGDNVTRLDRWETELNEALPGDARDTTTPASMAATLRKLLTSQRLSARSQRQLLQWMVDDRVAGPLIRSVLPAGWFIADKTGAGERGARGIVALLGPNNKAERIVVIYLRDTPASMAERNQQIAGIGAALIEHWQR,265.0,1.0,28.921,Beta-lactamase SHV-1,A,A
3N6I,X-RAY DIFFRACTION,10.1002/prot.22961,experimental,DLADRFAELERRYDARLGVYVPATGTTAAIEYRADERFAFCSTFKAPLVAAVLHQNPLTHLDKLITYTSDDIRSISPVAQQHVQTGMTIGQLCDAAIRYSDGTAANLLLADLGGPGGGTAAFTGYLRSLGDTVSRLDAEAPELNRDPPGDERDTTTPHAIALVLQQLVLGNALPPDKRALLTDWMARNTTGAKRIRAGFPADWKVIDKTGTGDYGRANDIAVVWSPTGVPYVVAVMSDRAGGGYDAEPREALLAEAATCVAGVLA,265.0,1.0,28.215,Beta-lactamase,A,A
3ZNT,X-RAY DIFFRACTION,10.1002/pro.5560061225,experimental,FHISSQQHEKAIKSYFDEAQTQGVIIIKEGKNLSTYGNALARANKEYVPASTFKMLNALIGLENHKATTNEIFKWDGKKRTYPMWEKDMTLGEAMALSAVPVYQELARRTGLELMQKEVKRVNFGNTNIGTQVDNFWLVGPLKITPVQEVNFADDLAHNRLPFKLETQEEVKKMLLIKEVNGSKIYAKSGWGMGVTPQVGWLTGWVEQANGKKIPFSLNLEMKEGMSGSIRNEITYKSLENLGII,245.0,1.0,27.734,BETA-LACTAMASE,A,A
4BD0,X-RAY DIFFRACTION,10.1074/jbc.M112.436238,experimental,NSVQQQLEALEKSSGGRLGVALINTADNSQILYRADERFAMCSTSKVMAAAAVLKQSESDKHLLNQRVEIKKSDLVNYNPIAEKHVNGTMTLAELGAAALQYSDNTAMNKLIAHLGGPDKVTAFARSLGDETFRLDRTEPTLNTAIPGDPRDTTTPLAMAQTLKNLTLGKALAETQRAQLVTWLKGNTTGSASIRAGLPKSWVVGDKTGSGDYGTTNDIAVIWPENHAPLVLVTYFTQPEQKAENRNDILAAAAKIVTHGF,261.0,1.0,28.105,BETA-LACTAMASE TOHO-1,A,A
4C1E,X-RAY DIFFRACTION,10.1128/AAC.01335-15,experimental,GPVDSSGEYPTVSEIPVGEVRLYQIADGVWSHIATQSFDGAVYPSNGLIVRDGDELLLIDTAWGAKNTAALLAEIEKQIGLPVTRAVSTHFHDDRVGGVDVLRAAGVATYASPSTRRLAEVEGNEIPTHSLEGLSSSGDAVRFGPVELFYPGAAHSTDNLVVYVPSASVLYGGCAIYELSRTSAGNVADADLAEWPTSIERIQQHYPEAQFVIPGHGLPGGLDLLKHTTNVVKAHTNRSVVE,242.0,2.0,25.693,BETA-LACTAMASE CLASS B VIM-2,A,A
4C3Q,NEUTRON DIFFRACTION,10.1128/AAC.01335-15,experimental,NSVQQQLEALEKSSGGRLGVALINTADNSQILYRADERFAMCSTSKVMAAAAVLKQSESDKHLLNQRVEIKKSDLVNYNPIAEKHVNGTMTLAELGAAALQYSDNTAMNKLIAHLGGPDKVTAFARSLGDETFRLDRTEPTLNTAIPGDPRDTTTPLAMAQTLKNLTLGKALAETQRAQLVTWLKGNTTGSASIRAGLPKSWVVGDKTGSGDYGTTNDIAVIWPENHAPLVLVTYFTQPEQKAENRNDILAAAAKIVTHGF,261.0,1.0,28.105,BETA-LACTAMASE TOHO-1,A,A
4EYB,X-RAY DIFFRACTION,10.1021/ja303579d,experimental,MELPNIMHPVAKLSTALAAALMLSGCMPGEIRPTIGQQMETGDQRFGDLVFRQLAPNVWQHTSYLDMPGFGAVASNGLIVRDGGRVLVVDTAWTDDQTAQILNWIKQEINLPVALAVVTHAHQDKMGGMDALHAAGIATYANALSNQLAPQEGMVAAQHSLTFAANGWVEPATAPNFGPLKVFYPGPGHTSDNITVGIDGTDIAFGGCLIKDSKAKSLGNLGDADTEHYAASARAFGAAFPKASMIVMSHSAPDSRAAITHTARMADKLR,270.0,2.0,28.527,Beta-lactamase NDM-1,A,A
4KEN,X-RAY DIFFRACTION,10.1128/AAC.00762-13,experimental,APQQINDIVHRTITPLIEQQKIPGMAVAVIYQGKPYYFTWGYADIAKKQPVTQQTLFELGSVSKTFTGVLGGDAIARGEIKLSDPTTKYWPELTAKQWNGITLLHLATYTAGGLPLQVPDEVKSSSDLLRFYQNWQPAWAPGTQRLYAGSSIGLFGALAVKPSGLSFEQAMQTRVFQPLKLNHTWINVPPAEEKNYAWGYREGKAVHVSPGALDAEAYGVKSTIEDMARWVQSNLKPLDINEKTLQQGIQLAQSRYWQTGDMYQGLGWEMLDWPVNPDSIINGSDNKIALAARPVKAITPPTPAVRASWVHKTGATGGFGSYVAFIPEKELGIVMLANKNYPNPARVDAAWQILNALQ,358.0,1.0,39.531,Beta-lactamase,A,B
4KG6,X-RAY DIFFRACTION,10.1128/AAC.00762-13,experimental,APQQINDIVHRTITPLIEQQKIPGMAVAVIYQGKPYYFTWGYADIAKKQPVTQQTLFELGSVSKTFTGVLGGDAIARGEIKLSDPTTKYWPELTAKQWNGITLLHLATYTAGGLPLQVPDEVKSSSDLLRFYQNWQPAWAPGTQRLYAGSSIGLFGALAVKPSGLSFEQAMQTRVFQPLKLNHTWINVPPAEEKNYAWGYREGKAVHVSPGALDAEAYGVKSTIEDMARWVQSNLKPLDINEKTLQQGIQLAQSRYWQTGDMYQGLGWEMLDWPVNPDSIINGSDNKIALAARPVKAITPPTPAVRASWVHKTGATGGFGSYVAFIPEKELGIVMLANKNYPNPARVDAAWQILNALQ,358.0,4.0,39.531,Beta-lactamase,A,A
4MBH,X-RAY DIFFRACTION,10.1371/journal.pone.0085892,experimental,SPQPLEQIKLSESQLSGRVGMIEMDLASGRTLTAWRADERFPMMSTFKVVLCGAVLARVDAGDEQLERKIHYRQQDLVDYSPVSEKHLADGMTVGELCAAAITMSDNSAANLLLATVGGPAGLTAFLRQIGDNVTRLDRWATELNEALPGDARDTTTPASMAATLRKLLTSQRLSARSQRQLLQWMVDDRVAGPLIRSVLPAGWFIADKTGAGERGARGIVALLGPNNKAERIVVIYLRDTPASMAERNQQIAGIGAALIEHWQR,265.0,1.0,28.849,Beta-lactamase SHV-1,A,A
4OLD,X-RAY DIFFRACTION,10.1021/ja501354q,experimental,APQQINDIVHRTITPLIEQQKIPGMAVAVIYQGKPYYFTWGYADIAKKQPVTQQTLFELGSVSKTFTGVLGGDAIARGEIKLSDPTTKYWPELTAKQWNGITLLHLATYTAGGLPLQVPDEVKSSSDLLRFYQNWQPAWAPGTQRLYANSSIGLFGALAVKPSGLSFEQAMQTRVFQPLKLNHTWINVPPAEEKNYAWGYREGKAVHVSPGALDAEAYGVKSTIEDMARWVQSNLKPLDINEKTLQQGIQLAQSRYWQTGDMYQGLGWEMLDWPVNPDSIINGSDNKIALAARPVKAITPPTPAVRASWVHKTGATGGFGSYVAFIPEKELGIVMLANKNYPNPARVDAAWQILNALQ,358.0,2.0,39.588,Beta-lactamase,A,A
4PM6,X-RAY DIFFRACTION,10.1021/bi501195g,experimental,QTSAVQQKLAALEKSSGGRLGVALIDTADNTQVLYRGDERFPMCGTSKVMAAAAVLKQSETQKQLLNQPVEIKPADLVNYNPIAEKHVNGTMTLAELSAAALQYSDNTAMNKLIAQLGGPGGVTAFARAIGDETFRLDRTEPTLNTAIPGDPRDTTTPRAMAQTLRQLTLGHALGETQRAQLVTWLKGNTTGAASIRAGLPTSWTVGDKTGSGDYGTTNDIAVIWPQGRAPLVLVTYFTQPQQNAESRRDVLASAARIIAEGL,263.0,1.0,27.971,Beta-lactamase CTX-M-14,A,A
4PM7,X-RAY DIFFRACTION,10.1021/bi501195g,experimental,QTSAVQQKLAALEKSSGGRLGVALIDTADNTQVLYRGDERFPMCGTSKVMAAAAVLKQSETQKQLLNQPVEIKPADLVNYNPIAEKHVNGTMTLAELSAAALQYSDNTAMNKLIAQLGGPGGVTAFARAIGDETFRLDRTEPTLNTAIPGDPRDTTTPRAMAQTLRQLTLGHALGETQRAQLVTWLKGNTTGAASIRAGLPTSWTVGDKTGAGDYGTTNDIAVIWPQGRAPLVLVTYFTQPQQNAESRRDVLASAARIIAEGL,263.0,1.0,27.955,Beta-lactamase CTX-M-14,A,A
4PVT,X-RAY DIFFRACTION,10.1038/nchem.2110,experimental,GPVDSSGEYPTVSEIPVGEVRLYQIADGVWSHIATQSFDGAVYPSNGLIVRDGDELLLIDTAWGAKNTAALLAEIEKQIGLPVTRAVSTHFHDDRVGGVDVLRAAGVATYASPSTRRLAEVEGNEIPTHSLEGLSSSGDAVRFGPVELFYPGAAHSTDNLVVYVPSASVLYGGCAIYELSRTSAGNVADADLAEWPTSIERIQQHYPEAQFVIPGHGLPGGLDLLKHTTNVVKAHTNRSVVE,242.0,2.0,25.693,Beta-lactamase class B VIM-2,A,A
4S2K,X-RAY DIFFRACTION,10.1021/acsinfecdis.5b00007,experimental,MRVLALSAVFLVASIIGMPAVAKEWQENKSWNAHFTEHKSQGVVVLWNENKQQGFTNNLKRANQAFLPASTFKIPNSLIALDLGVVKDEHQVFKWDGQTRDIATWNRDHNLITAMKYSVVPVYQEFARQIGEARMSKMLHAFDYGNEDISGNVDSFWLDGGIRISATEQISFLRKLYHNKLHVSERSQRIVKQAMLTEANGDYIIRAKTGYSTRIEPKIGWWVGWVELDDNVWFFAMNMDMPTSDGLGLRQAITKEVLKQEKIIP,265.0,4.0,30.397,Beta-lactamase,A,A
4S2N,X-RAY DIFFRACTION,10.1021/acsinfecdis.5b00007,experimental,MRVLALSAVFLVASIIGMPAVAKEWQENKSWNAHFTEHKSQGVVVLWNENKQQGFTNNLKRANQAFLPASTFKIPNSLIALDLGVVKDEHQVFKWDGQTRDIATWNRDHNLITAMKYSVVPVYQEFARQIGEARMSKMLHAFDYGNEDISGNVDSFWLDGGIRISATEQISFLRKLYHNKLHVSERSQRIVKQAMLTEANGDYIIRAKTGYSTRIEPKIGWWVGWVELDDNVWFFAMNMDMPTSDGLGLRQAITKEVLKQEKIIP,265.0,2.0,30.44,Beta-lactamase,A,A
4TZ9,X-RAY DIFFRACTION,10.1038/nchem.2110,experimental,GPGDQRFGDLVFRQLAPNVWQHTSYLDMPGFGAVASNGLIVRDGGRVLVVDTAWTNDQTAQILNWIKQEINLPVALAVVTHAHQDKMGGMDALHAAGIATYANALSNQLAPQEGMVAAQHSLTFAANGWVEPATAPNFGPLKVFYPGPGHTSDNITVGIDGTDIAFGGCLIKDSKAKSLGNLGDADTEHYAASARAFGAAFPKASMIVMSHSAPDSRAAITHTARMADKLR,231.0,1.0,24.342,Class B metallo-beta-lactamase,A,A
4U0X,X-RAY DIFFRACTION,10.1021/bi500887n,experimental,DNTPKDQEIKKLVDQNFKPLLEKYDVPGMAVGVIQNNKKYEMYYGLQSVQDKKAVNSNTIFELGSVSKLFTATAGGYAKNKGKISFDDTPGKYWKELKNTPIDQVNLLQLATYTSGNLALQFPDEVQTDQQVLTFFKDWKPKNPIGEYRQYSNPSIGLFGKVVALSMNKPFDQVLEKTIFPALGLKHSYVNVPKTQMQNYAFGYNQENQPIRVNPGPLDAPAYGVKSTLPDMLSFIHANLNPQKYPTDIQRAINETHQGRYQVNTMYQALGWEEFSYPATLQTLLDSNSEQIVMKPNKVTAISKEPSVKMYHKTGSTSGFGTYVVFIPKENIGLVMLTNKRIPNEERIKAAYVVLNAIKK,360.0,4.0,40.677,ADC-7 beta-lactamase,B,A
4WMC,X-RAY DIFFRACTION,10.1021/cb500703p,experimental,EWQENKSWNAHFTEHKSQGVVVLWNENKQQGFTNNLKRANQAFLPASTFKIPNSLIALDLGVVKDEHQVFKWDGQTRDIATWNRDHNLITAMKYSVVPVYQEFARQIGEARMSKMLHAFDYGNEDISGNVDSFWLDGGIRISATEQISFLRKLYHNKLHVSERSQRIVKQAMLTEANGDYIIRAKTGYSTRIEPKIGWWVGWVELDDNVWFFAMNMDMPTSDGLGLRQAITKEVLKQEKIIP,242.0,6.0,28.055,Beta-lactamase,G,G
4WZ5,X-RAY DIFFRACTION,10.1021/acsinfecdis.5b00031,experimental,MGSITENTSWNKEFSAEAVNGVFVLCKSSSKSCATNDLARASKEYLPASTFKIPNAIIGLETGVIKNEHQVFKWDGKPRAMKQWERDLTLRGAIQVSAVPVFQQIAREVGEVRMQKYLKKFSYGNQNISGGIDKFWLEGQLRISAVNQVEFLESLYLNKLSASKENQLIVKEALVTEAAPEYLVHSKTGFSGVGTESNPGVAWWVGWVEKETEVYFFAFNMDIDNESKLPLRKSIPTKIMESEGIIGG,248.0,2.0,27.756,Beta-lactamase OXA-10,A,A
4XUZ,X-RAY DIFFRACTION,10.1021/acs.jmedchem.5b00127,experimental,GSQTADVQQKLAELERQSGGRLGVALINTADNSQILYRADERFAMCSTSKVMAAAAVLKKSESEPNLLNQRVEIKKSDLVNYNPIAEKHVNGTMSLAELSAAALQYSDNVAMNKLIAHVGGPASVTAFARQLGDETFRLDRTEPTLNTAIPGDPRDTTSPRAMAQTLRNLTLGKALGDSQRAQLVTWMKGNTTGAASIQAGLPASWVVGDKTGSGGYGTTNDIAVIWPKDRAPLILVTYFTQPQPKAESRRDVLASAAKIVTDGL,265.0,1.0,28.283,Beta-lactamase,A,A
5CHJ,X-RAY DIFFRACTION,10.3390/biom10050671,experimental,GHMSGEAPLTATVDGIIQPMLKAYRIPGMAVAVLKDGKAHYFNYGVANRESGQRVSEQTLFEIGSVSKTLTATLGAYAAVKGGFELDDKVSQHAPWLKGSAFDGVTMAELATYSAGGLPLQFPDEVDSNDKMQTYYRSWSPVYPAGTHRQYSNPSIGLFGHLAANSLGQPFEQLMSQTLLPKLGLHHTYIQVPESAMANYAYGYSKEDKPIRATPGVLAAEAYGIKTGSADLLKFVEANMGYQGDAALKSAIALTHTGFHSVGEMTQGLGWESYDYPVTEQVLLAGNSPAVSFQANPVTRFAVPKAMGEQRLYNKTGSTGGFGAYVAFVPARGIAIVMLANRNYPIEARVKAAHAILSQLAE,362.0,2.0,38.808,Beta-lactamase,A,A
5E2E,X-RAY DIFFRACTION,10.1021/acs.jmedchem.6b00660,experimental,SNAAAIPGSLDKQLAALEHSANGRLGIAMINSGAGTKILYRGAQRFPFCSTFKFMLAAAVLDQSQSQPNLLNKHINYHESDLLSYAPITRKNLACGMTVSELCAATIQYSDNTAANLLIKELGGLAAVNQFARSIGDQMFRLDRWEPDLNTALPNDPRDTTTPAAMAASMNKLVLGDALRPAQRSQLAAWLKGNTTGDATIRAGAPTDWIVGDKTGSGDYGTTNDIAVLWPTKGAPIVLVVYFTQREKDAKPRRDVLASATQIILSQIS,269.0,2.0,29.144,Beta-lactamase,A,A
5FAS,X-RAY DIFFRACTION,10.1021/acschembio.5b00944,experimental,EWQENKSWNAHFTEHKSQGVVVLWNENKQQGFTNNLKRANQAFLPASTFKIPNSLIALDLGVVKDEHQVFKWDGQTRDIATWNRDHNLITAMKYSVVPVYQEFARQIGEARMSKMLHAFDYGNEDISGNVDSFWLDGGIRISATEQISFLRKLYHNKLHVSERSQRIVKQAMLTEANGDYIIRAKTGYSTRIEPKIGWWVGWVELDDNVWFFAMNMDMPTSDGLGLRQAITKEVLKQEKIIP,242.0,2.0,28.055,Beta-lactamase,A,A
5FDH,X-RAY DIFFRACTION,10.3390/microorganisms8010024,experimental,MKEWQENKSWNAHFTEHKSQGVVVLWNENKQQGFTNNLKRANQAFLPASTFKIPNSLIALDLGVVKDEHQVFKWDGQTRDIATWNRDHNLITAMKYSVVPVYQEFARQIGEARMSKMLHAFDYGNEDISGNVDSFWLDGGIRISATEQISFLRKLYHNKLHVSERSQRIVKQAMLTEANGDYIIRAKTGYSPKIGWWVGWVELDDNVWFFAMNMDMPTSDGLGLRQAITKEVLKQEKIIPLEHHHHHHHH,250.0,2.0,29.205,Beta-lactamase,A,A
5IQK,X-RAY DIFFRACTION,10.1128/AAC.00750-16,experimental,TPGCEVCATWNADQAPFRLFGNTYYVGMKGLSSVLVTSPQGHVLIDGGLPESAPKIIANIGALGFRIEDVKLILNSHGHIDHAGGLAELQRRSNALVAASPSAALDLASGEVGPDDPQYHALPKYPPVKDMRLARDGGQFNVGPVYLTAHATPGHTPGGLSWTWQSCDGPRCLNMVYADSINAVSRPGFKFSASSEYPNALADLRHSFETLEKLPCDVLISAHPEASQLWQRLEASATGGSDAFVDPQACRAYVAAARTLLDSRLDQEKQQ,271.0,2.0,28.978,beta-lactamase Rm3,A,A
5KKF,X-RAY DIFFRACTION,10.1002/cphc.201800624,experimental,HPETLVKVKDAEDQLGARVGYIELDLNSGKILESFRPEERFPMMSTFKVLLCGAVLSRVDAGQEQLGRRIHYSQNDLVEYSPVTEKHLTDGMTVRELCSAAITMSDNTAANLLLTTIGGPKELTAFLHNMGDHVTRLDRWEPELNEAIPNDERDTTTPAAMATTLRKLLTGELLTLASRQQLIDWMEADKVAGPLLRSALPAGWFIADKSGAGERGSRGIIAALGPDGKPSRIVVLYTTGSQATMDERNRQIAEIGASLIKHW,263.0,4.0,28.912,Beta-lactamase TEM,A,A
5KSC,NEUTRON DIFFRACTION,10.1128/AAC.01636-16,experimental,NSVQQQLEALEKSSGGRLGVALINTADNSQILYRADERFAMCSTSKVMAAAAVLKQSESDKHLLNQRVEIKKSDLVNYNPIAEKHVNGTMTLAELGAAALQYSDNTAMNKLIAHLGGPDKVTAFARSLGDETFRLDRTAPTLNTAIPGDPRDTTTPLAMAQTLKNLTLGKALAETQRAQLVTWLKGNTTGSASIRAGLPKSWVVGDKTGSGDYGTTNDIAVIWPENHAPLVLVTYFTQPEQKAENRNDILAAAAKIVTHGF,261.0,1.0,28.047,Beta-lactamase Toho-1,A,A
5NBK,X-RAY DIFFRACTION,10.1016/j.drup.2018.08.001,experimental,MGEIRPTIGQQMETGDQRFGDLVFRQLAPNVWQHTSYLDMPGFGAVASNGLIVRDGGRVLVVDTAWTDDQTAQILNWIKQEINLPVALAVVTHAHQDKMGGMDALHAAGIATYANALSNQLAPQEGMVAAQHSLTFAANGWVEPATAPNFGPLKVFYPGPGHTSDNITVGIDGTDIAFGGCLIKDSKAKSLGNLGDADTEHYAASARAFGAAFPKASMIVMSHSAPDSRAAITHTARMADKLRLEHHHHHH,251.0,2.0,26.834,Metallo-beta-lactamase type 2,A,A
5OE0,X-RAY DIFFRACTION,10.1107/S2053230X17013838,experimental,MRVLALSAVFLVASIIGMPAVAKEWQENKSWNAHFTEHKSQGVVVLWNENKQQGFTNNLKRANQAFLPASTFKIPNSLIALDLGVVKDEHQVFKWDGQTRDIAAWNRDHDLITAMKYSVVPVYQEFARQIGEARMSKMLHAFDYGNEDISGNVDSFWLDGGIRISATQQIAFLRKLYHNKLHVSERSQRIVKQAMLTEANGDYIIRAKTGYSTRIEPKIGWWVGWVELDDNVWFFAMNMDMPTSDGLGLRQAITKEVLKQEKIIP,265.0,2.0,30.394,Beta-lactamase,A,A
5OYO,X-RAY DIFFRACTION,10.1021/acs.biochem.7b00556,experimental,MDLADRFAELERRYDARLGVYVPATGTTAAIEYRADERFAFCSTFKAPLVAAVLHQNPLTHLDKLITYTSDDIRSISPVAQQHVQTGMTIGQLCDAAIRYSDGTAANLLLADLGGPGGGTAAFTGYLRSLGDTVSRLDAEEPELNRDPPGDERDTTTPHAIALVLQQLVLGNALPPDKRALLTDWMARNTTGAKRIRAGFPADWKVIDKTGTGDYGRANDIAVVWSPTGVPYVVAVMSDRAGGGYDAEPREALLAEAATCVAGVLALEHHHHHH,274.0,2.0,29.475,Beta-lactamase,A,A
5QAO,X-RAY DIFFRACTION,10.1016/j.ejmech.2017.12.085,experimental,KEWQENKSWNAHFTEHKSQGVVVLWNENKQQGFTNNLKRANQAFLPASTFKIPNSLIALDLGVVKDEHQVFKWDGQTRDIATWNRDHNLITAMKYSVVPVYQEFARQIGEARMSKMLHAFDYGNEDISGNVDSFWLDGGIRISATEQISFLRKLYHNKLHVSERSQRIVKQAMLTEANGDYIIRAKTGYSTRIEPKIGWWVGWVELDDNVWFFAMNMDMPTSDGLGLRQAITKEVLKQEKIIP,243.0,4.0,28.227,Beta-lactamase,A,A
5QAZ,X-RAY DIFFRACTION,10.1016/j.ejmech.2017.12.085,experimental,KEWQENKSWNAHFTEHKSQGVVVLWNENKQQGFTNNLKRANQAFLPASTFKIPNSLIALDLGVVKDEHQVFKWDGQTRDIATWNRDHNLITAMKYSVVPVYQEFARQIGEARMSKMLHAFDYGNEDISGNVDSFWLDGGIRISATEQISFLRKLYHNKLHVSERSQRIVKQAMLTEANGDYIIRAKTGYSTRIEPKIGWWVGWVELDDNVWFFAMNMDMPTSDGLGLRQAITKEVLKQEKIIP,243.0,4.0,28.227,Beta-lactamase,A,A
5WAC,X-RAY DIFFRACTION,10.1021/acsinfecdis.7b00152,experimental,MDNTPKDQEIKKLVDQNFKPLLEKYDVPGMAVGVIQNNKKYEMYYGLQSVQDKKAVNSNTIFELGSVSKLFTATAGGYAKNKGKISFDDTPGKYWKELKNTPIDQVNLLQLATYTSGNLALQFPDEVQTDQQVLTFFKDWKPKNPIGEYRQYSNPSIGLFGKVVALSMNKPFDQVLEKTIFPALGLKHSYVNVPKTQMQNYAFGYNQENQPIRVNPGPLDAPAYGVKSTLPDMLSFIHANLNPQKYPTDIQRAINETHQGRYQVNTMYQALGWEEFSYPATLQTLLDSNSEQIVMKPNKVTAISKEPSVKMYHKTGSTSGFGTYVVFIPKENIGLVMLTNKRIPNEERIKAAYVVLNAIKK,361.0,4.0,40.808,Beta-lactamase,A,A
5WAD,X-RAY DIFFRACTION,10.1021/acsinfecdis.7b00152,experimental,MDNTPKDQEIKKLVDQNFKPLLEKYDVPGMAVGVIQNNKKYEMYYGLQSVQDKKAVNSNTIFELGSVSKLFTATAGGYAKNKGKISFDDTPGKYWKELKNTPIDQVNLLQLATYTSGNLALQFPDEVQTDQQVLTFFKDWKPKNPIGEYRQYSNPSIGLFGKVVALSMNKPFDQVLEKTIFPALGLKHSYVNVPKTQMQNYAFGYNQENQPIRVNPGPLDAPAYGVKSTLPDMLSFIHANLNPQKYPTDIQRAINETHQGRYQVNTMYQALGWEEFSYPATLQTLLDSNSEQIVMKPNKVTAISKEPSVKMYHKTGSTSGFGTYVVFIPKENIGLVMLTNKRIPNEERIKAAYVVLNAIKK,361.0,4.0,40.808,Beta-lactamase,A,A
5ZIO,X-RAY DIFFRACTION,10.1128/AAC.01579-18,experimental,GEIRPTIGQQMETGDQRFGDLVFRQLAPNVWQHTSYLDMPGFGAVASNGLIVRDGGRVLVVDTAWTDDQTAQILNWIKQEINLPVALAVVTHAHQDKMGGMDALHAAGIATYANALSNQLAPQEGMVAAQHSLTFAANGWVEPATAPNFGPLKVFYPGPGHTSDNITVGIDGTDIAFGGCLIKDSKAKSLGNLGDADTEHYAASARAFGAAFPKASMIVMSHSAPDSRAAITHTARMADKLR,242.0,1.0,25.632,Metallo-beta-lactamase type 2,A,A
6B1Y,X-RAY DIFFRACTION,10.1021/acs.jmedchem.8b00091,experimental,ATALTNLVAEPFAKLEQDFGGSIGVYAMDTGSGATVSYRAEERFPLCSSFKGFLAAAVLARSQQQAGLLDTPIRYGKNALVPWSPISEKYLTTGMTVAELSAAAVQYSDNAAANLLLKELGGPAGLTAFMRSIGDTTFRLDRWELELNSAIPGDARDTSSPRAVTESLQKLTLGSALAAPQRQQFVDWLKGNTTGNHRIRAAVPADWAVGDKTGTCGVYGTANDYAVVWPTGRAPIVLAVYTRAPNKDDKHSEAVIAAAARLALEGLG,268.0,2.0,28.349,Carbapenem-hydrolyzing beta-lactamase KPC,A,A
6CQS,X-RAY DIFFRACTION,10.1021/acs.biochem.8b00728,experimental,GQPEYPVIRLNDELEVREILPNAFVITHKFPWGGNSLVVLIGEKYAVFVDTPYTPEATENVLDWINKQYGNRQFIEINTGYHVDNLGGNDALLHRNIPIIGSDKTVSLLRERGEATRQLTMGWLEGPGNEKFLKRHETIPYVGPSQIFQLTEGYHFTVGDEPIEVFFPGETHAPDNIVVYFPERKILFGGCMLRVGNGTGNRADANMDTWKSSVERLRDFDCVAVIPGHGIRFDPGVIENTISVLP,246.0,1.0,27.68,Beta-lactamase,A,A
6CYN,X-RAY DIFFRACTION,10.1074/jbc.RA118.003792,experimental,QTSAVQQKLAALEKSSGGRLGVALIDTADNTQVLYRGDERFPMCSTSKVMAAAAVLKQSETQKQLLNQPVEIKPADLVNYSPIAEKHVNGTMTLAELSAAALQYSDNTAMNKLIAQLGGPGGVTAFARAIGDETFRLDRTEPTLNTAIPGDPRDTTTPRAMAQTLRQLTLGHALGETQRAQLVTWLKGNTTGAASIRAGLPTSWTVGDKTGSGGYGTTNDIAVIWPQGRAPLVLVTYFTQPQQNAESRRDVLASAARIIAEGL,263.0,8.0,27.915,Beta-lactamase,A,A
6D16,X-RAY DIFFRACTION,10.1021/acs.jmedchem.9b00728,experimental,MGSSHHHHHHSSGLVPRGSHMLTNLVAEPFAKLEQDFGGSIGVYAMDTGSGATVSYRAEERFPLCSSFKGFLAAAVLARSQQQAGLLDTPIRYGKNALVPWSPISEKYLTTGMTVAELSAAAVQYSDNAAANLLLKELGGPAGLTAFMRSIGDTTFRLDRWELELNSAIPGDARDTSSPRAVTESLQKLTLGSALAAPQRQQFVDWLKGNTTGNHRIRAAVPADWAVGDKTGTCGVYGTANDYAVVWPTGRAPIVLAVYTRAPNKDDKHSEAVIAAAARLALEGLGVNGQ,290.0,1.0,30.807,Carbapenem-hydrolyzing beta-lactamase KPC,A,A
6D1A,X-RAY DIFFRACTION,10.1021/acs.jmedchem.9b00728,experimental,GSHMGDQRFGDLVFRQLAPNVWQHTSYLDMPGFGAVASNGLIVRDGGRVLVVDTAWTDDQTAQILNWIKQEINLPVALAVVTHAHQDKMGGMDALHAAGIATYANALSNQLAPQEGMVAAQHSLTFAANGWVEPATAPNFGPLKVFYPGPGHTSDNITVGIDGTDIAFGGCLIKDSKAKSLGNLGDADTEHYAASARAFGAAFPKASMIVMSHSAPDSRAAITHTARMADKLR,233.0,1.0,24.603,Metallo-beta-lactamase type 2,A,A
6D1B,X-RAY DIFFRACTION,10.1021/acs.jmedchem.9b00728,experimental,GSHMGDQRFGDLVFRQLAPNVWQHTSYLDMPGFGAVASNGLIVRDGGRVLVVDTAWTDDQTAQILNWIKQEINLPVALAVVTHAHQDKMGGMDALHAAGIATYANALSNQLAPQEGMVAAQHSLTFAANGWVEPATAPNFGPLKVFYPGPGHTSDNITVGIDGTDIAFGGCLIKDSKAKSLGNLGDADTEHYAASARAFGAAFPKASMIVMSHSAPDSRAAITHTARMADKLR,233.0,1.0,24.603,Metallo-beta-lactamase type 2,A,A
6IZC,X-RAY DIFFRACTION,10.1016/j.biochi.2020.03.011,experimental,GAMASSKLNEDISLIEKQTSGRIGVSVWDTQTDERWDYRGDERFPLMSTFKTLACATMLSDMDSGKLNKNATARIDERNIVVWSPVMDKLAGQSTRIEHACEAAMLMSDNTAANLVLNEIGGPKAVTLFLRSIGDKATRLDRLEPRLNEAKPGDKRDTTTPNAMVNTLHTLMEDNALSYESRTQLKIWMQDNKVSDSLMRSVLPKGWSIADRSGAGNYGSRGISAMIWKDNYKPVYISIYVTDTDLSLQARDQLIAQISQLILEHYKES,269.0,2.0,30.093,Beta-lactamase,A,A
6JN6,X-RAY DIFFRACTION,10.1021/acs.jmedchem.9b00735,experimental,EYPTVSEIPVGEVRLYQIADGVWSHIATQSFDGAVYPSNGLIVRDGDELLLIDTAWGAKNTAALLAEIEKQIGLPVTRAVSTHFHDDRVGGVDVLRAAGVATYASPSTRRLAEVEGNEIPTHSLEGLSSSGDAVRFGPVELFYPGAAHSTDNLVVYVPSASVLYGGCAIYELSRTSAGNVADADLAEWPTSIERIQQHYPEAQFVIPGHGLPGGLDLLKHTTNVVKAHTNR,231.0,2.0,24.679,Beta-lactamase class B VIM-2,B,B
6LIZ,X-RAY DIFFRACTION,10.1016/j.bmc.2020.115902,experimental,GEIRPTIGQQMETGDQRFGDLVFRQLAPNVWQHTSYLDMPGFGAVASNGLIVRDGGRVLVVDTAWTDDQTAQILNWIKQEINLPVALAVVTHAHQDKMGGMDALHAAGIATYANALSNQLAPQEGMVAAQHSLTFAANGWVEPATAPNFGPLKVFYPGPGHTSDNITVGIDGTDIAFGGCLIKDSKAKSLGNLGDADTEHYAASARAFGAAFPKASMIVMSHSAPDSRAAITHTARMADKLR,242.0,1.0,25.632,Metallo-beta-lactamase type 2,A,A
6NVT,X-RAY DIFFRACTION,10.1016/j.bbrc.2019.11.138,experimental,KGTDSLKSSIEKYLKDKKAKVGVAVLGIEDNFKLNVNEKHHYPMQSTYKFHLALAVLDKLDKENISIDKKLFVKKSELLPNTWSPLRDKYPDGNVDLSISEILKATVSRSDNNGCDILFRFVGGTNKVHNFISKLGVKNISIKATEEEMHKAWNVQYTNWTTPDATVQLLKKFYKNEILSKNSYDYLLNTMIETTTGPKRLKGLLPDGTVVAHKTGSSDTNDKGITAATNDIGIITLPNGKHFAIAVYVSDSSEKSDVNEKIIAEICKSVWDYLVK,276.0,4.0,30.947,Beta-lactamase,A,A
6OL8,X-RAY DIFFRACTION,10.1016/j.ijbiomac.2020.04.219,experimental,GGEIRPTIGQQMETGDQRFGDLVFRQLAPNVWQHTSYLDMPGFGAVASNGLIVRDGGRVLVVDTAWTDDQTAQILNWIKQEINLPVALAVVTHAHQDKMGGMDALHAAGIATYANALSNQLAPQEGLVAAQHSLTFAANGWVEPATAPNFGPLKVFYPGPGHTSDNITVGIDGTDIAFGGCLIKDSKAKSLGNLDDADTEHYAASARAFGAAFPKASMIVMSHSAPDSRAAITHTARMADKLR,243.0,2.0,25.729,Metallo-beta-lactamase NDM-12,A,A
6OOE,X-RAY DIFFRACTION,10.1039/c9qo00342h,experimental,QTSAVQQKLAALEKSSGGRLGVALIDTADNTQVLYRGDERFPMCSTSKVMAAAAVLKQSETQKQLLNQPVEIKHADLVNYNPIAEKHVNGTMTLAELSAAALQYSDNTAMNKLIAQLGGPGGVTAFARAIGDETFRLDRTEPTLNTAIPGDPRDTTTPRAMAQTLRQLTLGHALGETQRAQLVTWLKGNTTGAASIRAGLPTSWTVGDKTGSGGYGTTNDIAVIWPQGRAPLVLVTYFTQPQQNAESRRDVLASAARIIAEGL,263.0,2.0,27.967,Beta-lactamase,A,A
6OOH,X-RAY DIFFRACTION,10.1039/c9qo00342h,experimental,QTSAVQQKLAALEKSSGGRLGVALIDTADNTQVLYRGDERFPMCSTSKVMAAAAVLKQSETQKQLLNQPVEIKHADLVNYNPIAEKHVNGTMTLAELSAAALQYSDNTAMNKLIAQLGGPGGVTAFARAIGDETFRLDRTEPTLNTAIPGDPRDTTTPRAMAQTLRQLTLGHALGETQRAQLVTWLKGNTTGAASIRAGLPTSWTVGDKTGSGGYGTTNDIAVIWPQGRAPLVLVTYFTQPQQNAESRRDVLASAARIIAEGL,263.0,2.0,27.967,Beta-lactamase,A,A
6R78,X-RAY DIFFRACTION,10.1128/AAC.00123-20,experimental,LPDLKIEKLEEGVFVHTSFEEVNGWGVVTKHGLVVLVNTDAYLIDTPFTATDTEKLVNWFVERGYEIKGTISSHFHSDSTGGIEWLNSQSIPTYASELTNELLKKSGKVQAKYSFSEVSYWLVKNKIEVFYPGPGHTQDNLVVWLPESKILFGGCFIKPHGLGNLGDANLEAWPKSAKILMSKYGKAKLVVSSHSEKGDASLMKRTWEQALKGLKESK,218.0,2.0,24.337,Beta-lactamase,A,A
6TM9,X-RAY DIFFRACTION,10.1016/j.bmc.2020.115598,experimental,MFKLLSKLLVYLTASIMAIASPLAFSVDSSGEYPTVSEIPVGEVRLYQIADGVWSHIATQSFDGAVYPSNGLIVRDGDELLLIDTAWGAKNTAALLAEIEKQIGLPVTRAVSTHFHDDRVGGVDVLRAAGVATYASPSTRRLAEVEGNEIPTHSLEGLSSSGDAVRFGPVELFYPGAAHSTDNLVVYVPSASVLYGGCAIYELSRTSAGNVADADLAEWPTSIERIQQHYPEAQFVIPGHGLPGGLDLLKHTTNVVKAHTNRSVVE,266.0,1.0,28.353,Beta-lactamase class B VIM-2,A,A
6U10,X-RAY DIFFRACTION,10.1021/acsinfecdis.0c00254,experimental,SNASAAEAPLPQLRAYTVDASWLQPMAPLQVADHTWQIGTEDLTALLVQTAEGAVLLDGGMPQMAGHLLDNMKLRGVAPQDLRLILLSHAHADHAGPVAELKRRTGAHVAANAETAVLLARGGSNDLHFGDGITYPPASADRIIMDGEVVTVGGIAFTAHFMPGHTPGSTAWTWTDTRDGKPVRIAYADSLSAPGYQLKGNPRYPRLIEDYKRSFATVRALPCDLLLTPHPGASNWNYAVGSKASAEALTCNAYADAAEKKFDAQLARETAGTR,274.0,1.0,29.173,Putative metallo-beta-lactamase l1 (Beta-lactamase type ii) (Ec 3.5.2.6) (Penicillinase),A,A
6UNB,X-RAY DIFFRACTION,10.1128/AAC.01473-19,experimental,QTSAVQQKLAALEKSSGGRLGVALIDTADNTQVLYRGDERFPMCSTSKVMAAAAVLKQSETQKQLLNQPVEIKPADLVNYNPIAEKHVNGTMTLAELSAAALQYSDNTAMNKLIAQLGGPGGVTAFARAIGDETFRLDRTEPTLNTAIPGDPRDTTTPRAMAQTLRQLTLGHALGETQRAQLVTWLKGNTTGAASIRAGLPTSWTVGDKTGSGDYGTTNDIAVIWPQGRAPLVLVTYFTQPQQNAESRRDVLASAARIIAEGL,263.0,2.0,27.984,Beta-lactamase,A,A
6V4W,X-RAY DIFFRACTION,10.1021/acs.jmedchem.9b01976,experimental,SNASAQDNNTRQKVNEIAATARGHVGVAMMSLENGDTMTLNGNDHFPMQSVFKVPLAIAVLDQVDKGKLSLDQVIHITKKELLPFTWSPIREKYPEGTDLKLREVLAYTVSQSDNNGCDILFNLVGGTAYVEQYIHGLGVDSMAIKANEERMASAWKVQYTNWSSPLATLQLLKGIHTGKYLSKASNDFLLKIMKETTTGPKRLRGMLPADAVVAHKTGSSDTKDGLTAATNDAGIVTLPDGSHLAIVVFVSDTKVNEAIREGVIARITRLFWDAAN,277.0,2.0,30.553,Beta-lactamase,A,A
6W34,X-RAY DIFFRACTION,10.1002/cbic.202000054,experimental,SNAMEGMMILKNKRMLKIGICVGILGLSITSLEAFTGGALQVEAKEKTGQVKHKNQATHKEFSQLEKKFDARLGVYAIDTGTNQTISYRSNERFAFASTYKALAAGVLLQQNSIDSLNEVITYTKEDLVDYSPVTEKHVDTGMKLGEIAEAAVRSSDNTAGNILFNKIGGPKGYEKALRHMGDRITMSDRFETELNEAIPGDIRDTSTAKAIATNLKAFTVGNALPAEKRKILTEWMKGNATGDKLIRAGVPTDWVVGDKSGAGSYGTRNDIAIVWPPNRTPIIIAILSSKDEKEATYDNQLIAEATEVIVKALK,315.0,2.0,34.332,Beta-lactamase,A,A
6Z21,X-RAY DIFFRACTION,10.1074/jbc.RA120.016461,experimental,MGSSHHHHHHSSGLVPRGSHMLTNLVAEPFAKLEQDFGGSIGVYAMDTGSGATVSYRAEERFPLCSSFKGFLAAAVLARSQQQAGLLDTPIRYGKNALVPWSPISEKYLTTGMTVAELSAAAVQYSDNAAANLLLKELGGPAGLTAFMRSIGDTTFRLDRWQLELNSAIPGDARDTSSPRAVTESLQKLTLGSALAAPQRQQFVDWLKGNTTGNHRIRAAVPADWAVGDKTGTCGVYGTANDYAVVWPTGRAPIVLAVYTRAPNKDDKHSEAVIAAAARLALEGLGVNGQ,290.0,1.0,30.806,Carbapenem-hydrolyzing beta-lactamase KPC,A,A
6ZRP,X-RAY DIFFRACTION,10.1021/acsinfecdis.0c00207,experimental,MRVLALSAVFLVASIIGMPAVAKEWQENKSWNAHFTEHKSQGVVVLWNENKQQGFTNNLKRANQAFLPASTFKIPNSLIALDLGVVKDEHQVFKWDGQTRDIATWNRDHNLITAMKYSVVPVYQEFARQIGEARMSKMLHAFDYGNEDISGNVDSFWLDGGIRISATEQISFLRKLYHNKLHVSERSQRIVKQAMLTEANGDYIIRAKTGYSTRIEPKIGWWVGWVELDDNVWFFAMNMDMPTSDGLGLRQAITKEVLKQEKIIP,265.0,2.0,30.44,Beta-lactamase,A,A
7A5Z,X-RAY DIFFRACTION,10.1016/j.ejmech.2021.113257,experimental,GPVDSSGEYPTVSEIPVGEVRLYQIADGVWSHIATQSFDGAVYPSNGLIVRDGDELLLIDTAWGAKNTAALLAEIEKQIGLPVTRAVSTHFHDDRVGGVDVLRAAGVATYASPSTRRLAEVEGNEIPTHSLEGLSSSGDAVRFGPVELFYPGAAHSTDNLVVYVPSASVLYGGCAIYELSRTSAGNVADADLAEWPTSIERIQQHYPEAQFVIPGHGLPGGLDLLKHTTNVVKAHTNRSVVE,242.0,1.0,25.693,Beta-lactamase VIM-2,A,A
7BYQ,X-RAY DIFFRACTION,10.3390/ijms21144926,experimental,AGGKVTSSTGIAPKRYVYYPGSEELGPDEIRVIACGTGMPTARRAQAAAAWVVELGNGDKFIVDIGSGSMANIQSLMIPANYLTKIFLTHLHTDHWGDLVSMWAGGWTAGRTDPLEVWGPSGSREDMGTKYAVEHMLKAYNWDYMTRAVTINPRPGDINVHEFDYRALNEVVYQENGVTFRSWPCIHAGDGPVSFALEWNGYKVVFGGDTAPNIWYPEYAKGADLAIHECWMTSDQMMTKYNQPAQLALRINLDFHTSAQSFGQIMNMVQPRHAVAYAFFNDDDTRYDIYTGVRENYAGPLSMATDMMVWNITRDAVTERMAVSPDHAWDVAGPSEDLAPDRNRASEYTQYILDGRLNVDEANAHWKQEFMG,372.0,4.0,41.634,Metallo-beta-lactamase PNGM-1,B,B
7DTM,X-RAY DIFFRACTION,10.1021/acs.jmedchem.1c00308,experimental,AESLPDLKIEKLDEGVYVHTSFEEVNGWGVVPKHGLVVLVNAEAYLIDTPFTAKDTEKLVTWFVERGYKIKGSISSHFHSDSTGGIEWLNSRSIPTYASELTNELLKKDGKVQATNSFSGVNYWLVKNKIEVFYPGPGHTPDNVVVWLPERKILFGGCFIKPYGLGNLGDANIEAWPKSAKLLKSKYGKAKLVVPSHSEVGDASLLKLTLEQAVKGLNESKKPSKPSN,228.0,4.0,25.147,Metallo-beta-lactamase type 2,A,A
7K8L,X-RAY DIFFRACTION,10.1021/acsinfecdis.1c00501,experimental,GADLADRFAELERRYDARLGVYVPATGTTAAIEYRADERFAFCSTFKAPLVAAVLHQNPLTHLDKLITYTSDDIRSISPVAQQHVQTGMTIGQLCDAAIRYSDGTAANLLLADLGGPGGGTAAFTGYLRSLGDTVSRLDAEEPELNRDPPGDERDTTTPHAIALVLQQLVLGNALPPDKRALLTDWMARNTTGAKRIRAGFPADWKVIDKTGTGDYGRANDIAVVWSPTGVPYVVAVMSDRAGGGYDAEPREALLAEAATCVAGVLA,267.0,4.0,28.401,Beta-lactamase,A,A
7L8O,X-RAY DIFFRACTION,10.1021/acsinfecdis.1c00501,experimental,GHMWQENKSWNAHFTEHKSQGVVVLWNENKQQGFTNNLKRANQAFLPASTFKIPNSLIALDLGVVKDEHQVFKWDGQTRDIATWNRDHNLITAMKYSVVPVYQEFARQIGEARMSKMLHAFDYGNEDISGNVDSFWLDGGIRISATEQISFLRKLYHNKLHVSERSQRIVKQAMLTEANGDYIIRAKTGYSTRIEPKIGWWVGWVELDDNVWFFAMNMDMPTSDGLGLRQAITKEVLKQEKIIP,244.0,4.0,28.295,Beta-lactamase,A,A
7OVF,X-RAY DIFFRACTION,10.1016/j.ejmech.2021.113873,experimental,VDSSGEYPTVSEIPVGEVRLYQIADGVWSHIATQSFDGAVYPSNGLIVRDGDELLLIDTAWGAKNTAALLAEIEKQIGLPVTRAVSTHFHDDRVGGVDVLRAAGVATYASPSTRRLAEVEGNEIPTHSLEGLSSSGDAVRFGPVELFYPGAAHSTDNLVVYVPSASVLYGGCAIYELSRTSAGNVADADLAEWPTSIERIQQHYPEAQFVIPGHGLPGGLDLLKHTTNVVKAHTNRSVVE,240.0,1.0,25.539,Metallo-beta-lactamase VIM-2-like protein,A,A
7PP0,X-RAY DIFFRACTION,10.1002/cmdc.202100699,experimental,VDSSGEYPTVSEIPVGEVRLYQIADGVWSHIATQSFDGAVYPSNGLIVRDGDELLLIDTAWGAKNTAALLAEIEKQIGLPVTRAVSTHFHDDRVGGVDVLRAAGVATYASPSTRRLAEVEGNEIPTHSLEGLSSSGDAVRFGPVELFYPGAAHSTDNLVVYVPSASVLYGGCAIYELSRTSAGNVADADLAEWPTSIERIQQHYPEAQFVIPGHGLPGGLDLLKHTTNVVKAHTNRSVVE,240.0,1.0,25.539,Metallo-beta-lactamase VIM-2-like protein,A,A
7Q0Z,X-RAY DIFFRACTION,10.1038/s41598-022-09392-6,experimental,ETSAVQQKLAALEKSSGGRLGVALIDTADNTQVLYRGDERFPMCSTSKVMAAAAVLKQSETQKQLLNQPVEIKPADLVNYNPIAEKHVNGTMTLAELSAAALQYSDNTAMNKLIAQLGGPGGVTAFARAIGDETFRLDRTEPTLNTAIPGDPRDTTTPRAMAQTLRQLTLGHALGETQRAQLVTWLKGNTTGAASIRAGLPTSWTVGDKTGSGDYGTTNDIAVIWPQGRAPLVLVTYFTQPQQNAESRRDVLASAARIIAEG,262.0,1.0,27.888,Beta-lactamase,A,A
7QLP,X-RAY DIFFRACTION,10.1107/S2059798322004879,experimental,HPETLVKVKDAEDQLGARVGYIELDLNSGKILESFRPEERFPMMSTFKVLLCGAVLSRIDAGQEQLGRRIHYSQNDLVEYSPVTEKHLTDGMTVRELCSAAITMSDNTAANLLLTTIGGPKELTAFLHNMGDHVTRLDRWEPELNEAIPNDERDTTMPAAMATTLRKLLTGELLTLASRQQLIDWMEADKVAGPLLRSALPAGWFIADKSGAGERGSRGIIAALGPDGKPSRIVVIYTTGSQATMDERNRQIAEIGASLIKHW,263.0,6.0,28.956,Beta-lactamase TEM,B,B
7U70,X-RAY DIFFRACTION,10.1021/jacs.2c09876,experimental,QTSAVQQKLAALEKSSGGRLGVALIDTADNTQVLYRGDERFPMCSTSKVMAAAAVLKQSETQKQLLNQPVEIKPADLVNYNPIAEKHVNGTMTLAELSAAALQYSDNTAMNKLIAQLGGPGGVTAFARAIGDETFRLDRTEPTLNTAIPGDPRDTTTPRAMAQTLRQLTLGHALGETQRAQLVTWLKGNTTGAASIRAGLPTSWTVGDKTGSGDYGTTNDIAVIWPQGRAPLVLVTYFTQPQQNAESRRDVLASAARIIAEGL,263.0,2.0,28.001,Beta-lactamase,A,A
7UP1,X-RAY DIFFRACTION,10.1021/acs.jmedchem.2c00766,experimental,GSKLEFGEIRPTIGQQMETGDQRFGDLVFRQLAPNVWQHTSYLDMPGFGAVASNGLIVRDGGRVLVVDTAWTDDQTAQILNWIKQEINLPVALAVVTHAHQDKMGGMDALHAAGIATYANALSNQLAPQEGMVAAQHSLTFAANGWVEPATAPNFGPLKVFYPGPGHTSDNITVGIDGTDIAFGGCLIKDSKAKSLGNLGDADTEHYAASARAFGAAFPKASMIVMSHSAPDSRAAITHTARMADKLR,248.0,2.0,26.295,Metallo beta-lactamase,A,A
7WI1,X-RAY DIFFRACTION,10.3390/ijms21144926,experimental,AGGKVTSSTGIAPKRYVYYPGSEELGPDEIRVIACGTGMPTARRAQAAAAWVVELGNGDKFIVDIGSGSMANIQSLMIPANYLTKIFLTHLATDHWGDLVSMWAGGWTAGRTDPLEVWGPSGSREDMGTKYAVEHMLKAYNWDYMTRAVTINPRPGDINVHEFDYRALNEVVYQENGVTFRSWPCIHAGDGPVSFALEWNGYKVVFGGDTAPNIWYPEYAKGADLAIHECWMTSDQMMTKYNQPAQLALRINLDFHTSAQSFGQIMNMVQPRHAVAYHFFNDDDTRYDIYTGVRENYAGPLSMATDMMVWNITRDAVTERMAVSPDHAWDVAGPSEDLAPDRNRASEYTQYILDGRLNVDEANAHWKQEFMG,372.0,8.0,41.634,Metallo-beta-lactamase PNGM-1,A,A
8B1W,X-RAY DIFFRACTION,10.3390/ph16121682,experimental,GEIRPTIGQQMETGDQRFGDLVFRQLAPNVWQHTSYLDMPGFGAVASNGLIVRDGGRVLVVDTAWTDDQTAQILNWIKQEINLPVALAVVTHAHQDKMGGMDALHAAGIATYANALSNQLAPQEGMVAAQHSLTFAANGWVEPATAPNFGPLKVFYPGPGHTSDNITVGIDGTDIAFGGCLIKDSKAKSLGNLGDADTEHYAASARAFGAAFPKASMIVMSHSAPDSRAAITHTARMADKLR,242.0,2.0,25.632,Beta-lactamase NDM-1,A,A
8DE0,X-RAY DIFFRACTION,10.1021/jacs.2c09876,experimental,GHPETLVKVKDAEDQLGARVGYIELDLNSGKILESFRPEERFPMMSTFKVLLCGAVLSRVDAGQEQLGRRIHYSQNDLVEYSPVTEKHLTDGMTVRELCSAAITMSDNTAANLLLTTIGGPKELTAFLHNMGDHVTRLDRWEPELNEAIPNDERDTTTPAAMATTLRKLLTGELLTLASRQQLIDWMEADKVAGPLLRSALPAGWFIADKSGAGERGSRGIIAALGPDGKPSRIVVIYTTGSQATMDERNRQIAEIGASLIKHW,264.0,4.0,28.969,Beta-lactamase TEM,A,A
8DE1,X-RAY DIFFRACTION,10.1021/jacs.2c09876,experimental,GHPETLVKVKDAEDQLGARVGYIELDLNSGKILESFRPEERFPMMSTFKVLLCGAVLSRVDAGQEQLGRRIHYSQNDLVEYSPVTEKHLTDGMTVRELCSAAITMSDNTAANLLLTTIGGPKELTAFLHNMGDHVTRLDRWEPELNEAIPNDERDTTTPAAMATTLRKLLTGELLTLASRQQLIDWMEADKVAGPLLRSALPAGWFIADKSGYGERGSRGIIAALGPDGKPSRIVVIYTTGSQATMDERNRQIAEIGASLIKHW,264.0,4.0,29.061,Beta-lactamase TEM,A,A
8DI7,X-RAY DIFFRACTION,10.1021/jacs.2c09876,experimental,KTEQQIADIVNRTITPLMQEQAIPGMAVAVIYQGKPYYFTWGKADIANNHPVTQQTLFELGSVSKTFNGVLGGDAIARGEIKLSDPVTKYWPELTGKQWQGIRLLHLATYTAGGLPLQIPDDVRDKAALLHFYQNWQPQWTPGAKRLYANSSIGLFGALAVKPSGMSYEEAMTRRVLQPLKLAHTWITVPQNEQKDYAWGYREGKPVHVSPGQLDAEAYGVKSSVIDMARWVQANMDASHVQEKTLQQGIALAQSRYWRIGDMYQGLGWEMLNWPLKADSIINGSDSKVALAALPAVEVNPPAPAVKASWVHKTGSTGGFGSYVAFVPEKNLGIVMLANKSYPNPVRVEAAWRILEKLQ,359.0,4.0,39.754,Beta-lactamase,A,D
8HXN,X-RAY DIFFRACTION,10.1021/acs.jmedchem.3c01189,experimental,EKNLTLTHFKGPLYIVEDKEYVQENSMVYIGTDGITIIGATWTPETAETLYKEIRKVSPLPINEVINTNYHTDRAGGNAYWKTLGAKIVATQMTYDLQKSQWGSIVNFTRQGNNKYPNLEKSLPDTVFPGDFNLQNGSIRAMYLGEAHTKDGIFVYFPAERVLYGNCILKENLGNMSFANRTEYPKTLEKLKGLIEQGELKVDSIIAGHDTPIHDVGLIDHYLTLLEKAP,230.0,1.0,25.947,Beta-lactamase,A,A
8HY1,X-RAY DIFFRACTION,10.1021/acs.jmedchem.3c01189,experimental,EYPTVSEIPVGEVRLYQIADGVWSHIATQSFDGAVYPSNGLIVRDGDELLLIDTAWGAKNTAALLAEIEKQIGLPVTRAVSTHFHDDRVGGVDVLRAAGVATYASPSTRRLAEVEGNEIPTHSLEGLSSSGDAVRFGPVELFYPGAAHSTDNLVVYVPSASVLYGGCAIYELSRTSAGNVADADLAEWPTSIERIQQHYPEAQFVIPGHGLPGGLDLLKHTTNVVKAHTNR,231.0,2.0,24.679,Beta-lactamase class B VIM-2,A,A
8TTP,X-RAY DIFFRACTION,10.1016/j.jbc.2023.105493,experimental,SNAAPQQINDIVHRTITPLIEQQKIPGMAVAVIYQGKPYYFTWGYADIAKKQPVTQQTLFELGSVSKTFTGVLGGDAIARGEIKLSDPTTKYWPELTAKQWNGITLLHLATYTAGGLPLQVPDEVKSSSDLLRFYQNWQPAWAPGTQRLYANSSIGLFGALAVKPSGLSFEQAMKTRVFQPLKLNHTWINVPSAEEKNYAWGYREGKAVHVSPGALDAEAYGVKSTIEDMARWVQSNLKPLDINEKTLQQGIQLAQSRYWQTGDMYQGLGWEMLDWPVNPDIIINGSDNKIALAARPVKPITPPTPAVRASWVHKTGATGGFGSYVAFIPEKELGIVMLANKNYPNPARVAAAWQILNALQ,361.0,2.0,39.859,Beta-lactamase,A,A
